ATTRIBUTE_antibiotics_YN	filename	MS_1697	MS_15121	MS_18116	MS_1976	MS_19774	MS_23767	MS_22584	MS_21720	MS_24112	MS_25227	MS_19201	MS_25922	MS_24345	MS_27100	MS_25642	MS_26845	MS_20303	MS_21761	MS_23950	MS_25113	MS_20431	MS_21769
No	SS18_RB6_01_7326	0.0	0.0	0.0	0.0	0.0	0.0	0.0	0.0	0.0	0.0	0.0	0.0	0.0	39.33328	0.0	0.0	0.0	0.0	0.0	0.0	0.0	0.0
No	SS249_RF3_01_7596	0.0	0.0	44.214855	0.0	0.0	410.31012	80.12889	0.0	503.54013	3726.8171	22.708645	289.33618	703.72894	832.28864	3863.4343	2819.3813	93.72031	82.51191	168.99582	170.64574	3.9511936	6.218198
No	SS253_RF7_01_7600	22.335865	0.0	44.65818	0.0	0.0	565.552	54.03562	0.0	636.57886	4637.856	16.127796	414.64902	878.2355	1608.3713	3947.0388	3776.6572	41.492516	39.113796	171.43916	164.27185	5.8848166	4.341568
No	SS290_RA11_01_7644	0.0	0.0	28.74834	0.0	0.0	299.72266	0.0	0.0	333.92056	979.0943	6.0767603	27.38656	451.0271	389.7015	1476.0281	986.4886	35.17327	34.81301	18.128029	67.61439	0.0	0.0
No	SS286_RA7_01_7640	0.0	0.0	0.0	0.0	0.0	327.4607	136.26898	0.0	378.33902	1293.9116	0.0	48.351097	497.84247	3529.5066	1695.9922	1371.7303	54.406925	26.326672	49.55074	90.83994	0.0	0.0
No	SS275_RH5_01_7624	29.730598	0.0	0.0	17.526203	0.0	446.78574	0.0	0.0	248.39957	2747.9893	2.8015027	415.48605	311.83704	1605.0643	2464.29	3379.049	38.740055	42.012466	227.3262	392.27716	4.4671	4.0019493
No	SS282_RA3_01_7636	0.0	0.0	20.487522	0.0	0.0	255.84644	144.16685	0.0	351.6681	1214.9945	0.0	84.016	809.49536	0.0	2889.1418	1325.6615	13.34246	50.05108	50.166473	121.10373	2.9226685	0.0
No	SS262_RG4_01_7610	312.16956	0.0	171.2726	9.065164	0.0	892.46136	28.873709	5.7159185	712.2781	4183.8096	140.38562	479.06787	852.8638	2011.82	3948.6392	2531.4521	422.7348	288.7967	156.77005	194.72972	3.3003225	7.273331
No	SS280_RA1_01_7634	0.0	0.0	46.55237	2.7873945	0.0	860.32654	246.83372	0.0	1040.0267	2439.6921	15.915585	102.82587	984.7386	53.10709	4782.0513	1801.8688	332.1254	193.63583	190.77406	147.12076	0.0	2.845634
No	SS254_RF8_01_7601	67.553566	0.0	48.81125	46.79932	0.0	827.76544	107.47736	0.0	572.8479	6808.524	11.003274	478.94403	1017.9517	1902.8241	5322.762	4298.462	11.722801	53.44618	332.99728	318.01456	5.943266	6.4461603
No	SS265_RG7_01_7613	12.083807	0.0	457.4328	3.9729102	31.949322	2877.9448	519.4559	0.0	2795.527	7496.1143	52.536575	686.39325	2682.0913	156.33911	7682.772	3638.3801	643.0066	617.4829	568.9183	299.70227	4.611614	8.968916
No	SS266_RG8_01_7614	0.0	0.0	348.67737	0.0	70.62306	2616.748	227.9536	0.0	3082.5632	8103.2524	368.1118	735.5829	1991.0278	68.04756	10949.156	3280.5955	934.2176	868.4589	496.93994	373.33734	2.930852	2.5491571
No	SS264_RG6_01_7612	11.260622	0.0	34.834843	8.739092	0.0	807.0965	76.077705	8.647545	859.6424	3668.5222	89.00881	352.85748	1364.1989	0.0	5436.5156	2401.9722	214.20999	146.93231	80.49339	181.8073	3.971273	7.584979
No	SS284_RA5_01_7638	0.0	0.0	0.0	0.0	0.0	299.30176	0.0	0.0	241.75308	1032.4902	11.538363	25.86967	379.60144	84.680176	1498.1975	1132.8468	130.1609	66.80361	54.123043	66.64258	0.0	0.0
No	SS270_RG12_01_7618	25.7965	0.0	78.135735	6.8072653	33.78981	1455.1416	76.74373	3.0267277	1997.013	3725.518	121.51902	275.77408	3263.3435	239.15071	8584.353	2685.256	513.2509	691.7002	287.85474	235.89145	0.0	11.796823
No	SS236_RE2_01_7582	74.127075	0.0	86.86166	24.009493	0.0	3455.9834	326.3667	0.0	4055.4033	15918.393	6.6050057	835.52094	6602.591	1142.2391	26361.53	8471.726	55.806828	207.62321	788.8247	602.8712	11.715873	4.210766
No	SS292_RB1_01_7647	0.0	0.0	0.0	0.0	0.0	41.508556	0.0	0.0	0.0	421.59055	0.0	39.101383	42.08107	0.0	438.2707	509.14066	13.602092	10.887119	12.993467	30.603416	0.0	2.8015027
No	SS252_RF6_01_7599	12.13784	0.0	116.145454	9.134998	0.0	525.8693	68.67605	0.0	619.6363	3165.48	39.935432	276.1688	798.75775	1063.8169	3783.1953	2768.523	92.11061	88.757324	99.38514	135.61392	4.119195	4.2412634
No	SS267_RG9_01_7615	307.6476	0.0	662.0493	14.996799	57.786537	2174.3164	256.8788	0.0	1786.4822	6103.8467	308.21426	446.77005	2573.05	107.836555	7107.734	4218.492	1184.9852	749.28894	286.90927	305.78683	3.9474578	13.6462
No	SS288_RA9_01_7642	9.411621	0.0	45.462406	0.0	0.0	822.6306	55.55332	0.0	907.79614	2272.793	50.97064	95.311455	1339.4908	54.987244	3366.9844	1531.9719	129.14717	118.69066	95.58893	106.26608	3.3965292	9.415716
No	SS278_RH8_01_7627	0.0	0.0	64.25579	0.0	0.0	555.1896	177.33841	0.0	501.38843	2187.1216	62.265438	277.01813	796.84515	145.71582	3572.7847	2863.3645	229.68849	169.90529	125.42401	182.99603	7.1977053	27.118158
No	SS300_RB9_01_7655	0.0	0.0	0.0	0.0	0.0	67.4578	1303.1168	0.0	0.0	407.71454	45.166542	29.765488	214.07025	0.0	1421.2474	1166.8269	114.8813	50.073196	16.884666	62.92044	7.834922	37.93045
No	SS289_RA10_01_7643	0.0	0.0	51.112152	0.0	0.0	475.65555	25.426762	0.0	519.89886	1323.4504	44.899014	44.056698	879.0285	901.9094	2383.8364	1017.8569	69.95531	71.817154	62.24047	65.42893	3.3214667	3.189367
No	SS306_RC3_01_7662	0.0	0.0	194.12604	2.8884993	0.0	513.308	183.24327	0.0	556.10364	2191.7864	34.845047	84.48266	650.6716	418.44617	2295.0947	1097.8698	818.4924	189.83192	103.28969	169.58493	0.0	0.0
No	SS308_RC5_01_7664	0.0	0.0	53.738308	0.0	0.0	390.59592	221.68568	0.0	379.37714	1751.3945	46.587948	69.901344	704.5277	0.0	1901.1388	1353.1427	281.28564	107.09201	32.42138	88.79567	8.880877	13.448954
No	SS291_RA12_01_7645	0.0	0.0	0.0	0.0	0.0	259.09824	0.0	0.0	302.72806	746.44604	39.00658	18.763077	510.1684	1671.0886	1281.0239	672.0316	22.971905	20.683287	10.019298	38.168724	0.0	4.660284
No	SS305_RC2_01_7661	0.0	0.0	148.46507	0.0	0.0	156.00224	143.32701	0.0	288.89383	1042.4603	34.95257	43.80229	472.00977	0.0	2299.3506	1324.6417	161.1104	78.74987	65.568504	101.48466	9.392426	0.0
No	SS273_RH3_01_7622	0.0	0.0	0.0	0.0	0.0	129.89435	0.0	0.0	0.0	492.0637	0.0	25.648499	158.11899	0.0	862.8948	755.4654	2.4899921	9.422639	15.590395	32.695442	0.0	0.0
No	SS315_RC12_01_7671	0.0	0.0	0.0	0.0	0.0	115.289276	125.24455	0.0	187.81969	878.48615	0.0	40.114437	375.96283	79.48134	1745.8356	935.5746	14.48251	32.509266	21.410341	72.115456	2.5127735	6.7346773
No	SS311_RC8_01_7667	0.0	0.0	0.0	0.0	0.0	175.36401	141.36885	0.0	234.25343	1492.1135	2.6522982	72.07809	641.67267	0.0	2253.965	2149.6294	49.856934	49.44787	13.399643	138.4768	11.155354	13.298176
No	SS304_RC1_01_7660	0.0	0.0	0.0	2.7638602	0.0	99.16058	147.06349	0.0	0.0	926.22614	0.0	63.302536	189.5428	101.9159	1084.5078	1038.4215	3.2850409	19.361866	12.61916	56.362427	2.6584067	7.5611897
No	SS298_RB7_01_7653	24.68491	0.0	0.0	3.6200948	0.0	62.783825	2519.1987	0.0	0.0	431.25818	2.9697723	59.303875	80.02143	1122.1799	762.7103	1211.265	3.430953	9.370414	29.071201	75.92928	12.716924	9.360029
No	SS281_RA2_01_7635	0.0	0.0	29.031223	0.0	0.0	346.61948	0.0	0.0	394.91632	737.14716	72.99729	9.401308	765.0064	292.94778	1707.6106	565.6572	78.29024	82.155266	41.032753	34.91839	14.453102	0.0
No	SS277_RH7_01_7626	0.0	0.0	290.2396	4.3133955	73.83325	8648.9	572.0084	0.0	8963.956	14316.811	14.944054	780.16315	11223.566	970.857	22052.357	4920.715	303.03336	858.5059	970.9575	859.7939	15.498415	12.299119
No	SS269_RG11_01_7617	64.11038	0.0	347.7749	9.946244	0.0	891.57684	306.10828	0.0	847.1736	3711.4387	287.19052	145.46219	478.1812	120.91345	3985.2737	2702.7285	2338.3257	677.7828	187.37181	199.77184	3.5088043	6.697746
No	SS294_RB3_01_7649	0.0	0.0	0.0	0.0	0.0	138.92882	0.0	0.0	0.0	923.58093	13.794222	60.56504	137.55501	78.784615	1021.7147	919.5687	43.64796	41.4071	35.306427	49.510155	2.8066063	2.9227066
No	SS307_RC4_01_7663	0.0	0.0	113.68872	0.0	0.0	371.3963	166.48457	0.0	478.7738	1342.332	71.77739	52.039482	523.9858	360.3102	1456.8313	1090.5148	908.7295	151.589	45.057095	76.316414	0.0	4.3292027
No	SS287_RA8_01_7641	0.0	0.0	38.468582	0.0	0.0	483.84164	0.0	0.0	457.70096	1663.6805	96.17368	44.431847	907.7185	2278.995	2532.909	1867.878	84.90434	106.87069	78.83102	160.93546	0.0	0.0
No	SS250_RF4_01_7597	9.142028	0.0	0.0	12.49132	28.079704	568.28357	0.0	0.0	745.6082	5395.887	2.8990946	343.17642	1262.2767	2073.8877	6017.836	3534.8193	4.7320414	10.975727	168.66565	172.29858	4.4347305	5.4700346
No	SS211_RC1_01_7555	411.79193	0.0	77.92305	228.85603	0.0	1620.449	23.74552	0.0	1834.3823	10107.852	17.197382	757.3741	2811.1501	3152.883	12736.328	5579.486	12.695175	6.552183	137.94832	366.30957	3.9803524	5.278046
No	SS214_RC4_01_7558	116.02636	0.0	0.0	156.9193	0.0	371.97565	26.296556	0.0	433.1727	6176.5303	3.70257	600.23737	254.40161	2236.8733	5198.936	5265.9043	8.541391	2.9221647	389.0863	220.24533	5.1411314	6.9652114
No	SS255_RF9_01_7602	0.0	0.0	0.0	0.0	0.0	83.048096	0.0	0.0	0.0	484.9363	2.5638356	66.254196	82.39267	1297.4115	943.79083	1536.2085	24.112934	11.332546	41.502644	137.35114	2.6352935	6.611264
No	SS213_RC3_01_7557	44.168934	0.0	0.0	99.2836	0.0	580.0786	0.0	0.0	631.9323	4370.5273	11.749575	506.34073	837.4664	2004.1722	3625.8884	3586.1042	3.7891045	6.521204	60.664604	81.652954	3.8401833	6.5158825
No	SS223_RD1_01_7568	32.557335	0.0	157.60347	0.0	0.0	151.0091	53.72687	0.0	235.00624	1337.719	3.1639237	87.16374	228.09143	3431.1106	1373.5135	1314.6399	53.204872	44.543564	75.076355	83.21666	2.8678684	2.7374983
No	SS215_RC5_01_7559	137.82076	0.0	12.356651	48.895866	0.0	421.74905	0.0	0.0	336.34113	3270.0066	9.2352915	335.50803	313.37698	1577.571	1898.0984	1803.9719	23.55907	4.7202635	73.544586	72.22948	9.29135	3.0393867
No	SS230_RD8_01_7575	27.590816	0.0	556.59155	5.843654	0.0	515.96893	875.1604	0.0	660.47205	3070.9377	91.73469	433.48465	748.30286	1722.089	3510.7773	1869.6688	3074.5933	505.86453	333.90057	261.42877	12.557819	12.409485
No	SS187_RA1_01_7529	258.80814	0.0	747.49835	11.189421	102.89499	2963.6086	247.34033	2.7216995	3233.6106	13448.461	125.08649	815.1503	1748.7646	2465.1897	14062.608	3611.7097	486.77103	781.88904	1044.1472	554.5269	5.5692487	3.9331892
No	SS231_RD9_01_7576	0.0	0.0	288.00174	0.0	0.0	102.7148	931.4191	0.0	0.0	812.1379	253.91872	176.15489	88.899376	0.0	1068.2781	467.9858	2164.0405	241.93639	82.329704	70.471375	2.9123626	0.0
No	SS228_RD6_01_7573	57.333447	0.0	136.72874	0.0	30.395966	513.6666	911.9791	0.0	666.3834	2270.8633	17.974766	280.18912	766.02954	60.22975	2684.8413	1552.1707	1616.2866	333.6781	308.10107	210.24945	7.409535	5.56717
No	SS204_RB6_01_7547	25.946093	0.0	63.750866	7.4744844	0.0	533.2922	51.329845	0.0	670.2104	3997.5596	32.8809	479.1407	662.09424	2529.2942	4306.8257	3671.2515	74.147804	111.98158	153.88985	145.60835	13.65893	9.424784
No	SS210_RB12_01_7553	19.17922	0.0	28.662542	7.384486	0.0	422.67462	0.0	0.0	563.02856	3391.604	7.304243	268.20392	531.57513	2300.378	3710.5876	2142.9946	17.643967	30.157728	98.302185	101.52	5.4384966	7.739768
No	SS225_RD3_01_7570	0.0	0.0	0.0	6.50016	0.0	32.828224	0.0	0.0	0.0	452.56308	0.0	18.86435	26.043175	131.12466	1218.5902	803.9062	0.0	0.0	14.775732	44.060986	0.0	2.5978496
No	SS229_RD7_01_7574	135.45944	0.0	277.64862	4.2522473	0.0	417.67886	388.95154	0.0	387.4714	2257.6438	27.919748	281.06146	385.769	372.26953	2090.3757	1851.4158	397.35736	146.06496	104.97433	100.848236	0.0	2.862628
No	SS188_RA2_01_7530	148.83998	0.0	76.199524	18.427113	0.0	537.7079	89.48866	0.0	536.8575	3681.631	4.2483587	237.84158	638.8196	2195.9153	3330.8591	3131.2383	86.442566	10.631153	167.98206	227.13492	17.378036	3.6034672
No	SS208_RB10_01_7551	39.98605	0.0	25.613777	14.280874	0.0	152.21498	0.0	0.0	0.0	1638.8369	3.2836561	31.814714	223.43591	2133.8132	1533.7666	1539.594	4.993637	7.083781	30.490517	66.60502	4.4788914	3.3534355
No	SS219_RC9_01_7563	267.96002	0.0	53.812294	48.359833	0.0	661.5826	198.55727	0.0	411.21445	4912.4946	12.574102	509.93393	661.80725	2114.794	3628.8271	4704.416	65.79306	33.277657	164.13747	229.90828	4.9663	4.5135803
No	SS216_RC6_01_7560	458.02814	0.0	0.0	203.54689	0.0	812.90674	30.029076	0.0	689.17615	6727.6255	2.8600078	586.0043	1023.4128	2994.712	4875.545	4372.548	3.9766452	0.0	593.5698	382.76678	3.2595332	12.021264
No	SS247_RF1_01_7594	0.0	0.0	28.969524	5.163246	0.0	200.29697	0.0	0.0	481.3796	813.7849	0.0	43.282585	426.91248	337.4884	1903.5168	644.69794	14.045943	34.038754	27.020931	35.925056	0.0	0.0
No	SS221_RC11_01_7565	18.658201	0.0	46.130306	14.962736	0.0	539.6652	308.76392	0.0	695.4958	4411.7124	11.224263	571.3098	457.51428	608.7934	4595.5894	4667.894	31.31148	21.584095	110.320984	101.58695	4.4571276	4.04747
No	SS251_RF5_01_7598	15.884954	0.0	46.41029	10.888615	0.0	234.66885	59.51927	0.0	279.6479	2033.3964	7.1221256	120.81139	397.7018	2343.0674	2132.5723	1850.9816	31.372246	23.859076	73.87665	105.36176	3.2410712	4.347787
No	SS274_RH4_01_7623	0.0	0.0	25.754133	0.0	0.0	594.0947	112.50206	0.0	789.9758	1836.3148	2.617218	59.124393	697.938	113.14851	2865.3677	944.03906	43.744194	89.34997	120.71129	84.40462	3.2410712	26.390472
No	SS272_RH2_01_7621	31.470612	0.0	0.0	2.8456964	0.0	56.28702	0.0	0.0	0.0	574.97424	0.0	67.85498	25.859627	107.30868	877.64374	1617.7655	71.59625	10.521241	33.905487	171.83063	7.109084	3.5788558
No	SS261_RG3_01_7609	18.080286	0.0	110.98574	5.3002496	0.0	798.7711	51.922535	0.0	730.9995	2159.238	24.736658	144.30182	763.23694	0.0	2516.2942	1513.4253	201.82697	192.46542	127.30782	103.215576	0.0	3.368529
No	SS238_RE4_01_7584	504.34317	0.0	429.17413	12.793919	0.0	815.34656	425.49503	0.0	799.48975	6486.249	265.6829	594.14825	911.78754	3225.2344	4760.179	4263.3965	1289.2716	227.7827	286.4658	263.4407	6.2191324	5.937542
No	SS239_RE5_01_7585	11.597185	0.0	72.91908	0.0	0.0	1296.2751	283.3779	0.0	1553.9946	5367.859	96.070335	527.7589	2082.8418	875.551	7983.4697	3451.6545	322.86096	167.77934	200.29369	255.30238	4.347787	0.0
No	SS256_RF10_01_7603	0.0	0.0	55.74445	0.0	0.0	29.641518	87.48895	0.0	0.0	357.56183	3.284998	53.52147	21.624224	71.06673	715.0521	679.89514	36.06492	34.09423	42.83979	46.316017	0.0	3.6793382
No	SS268_RG10_01_7616	14.522009	0.0	263.34854	31.539845	0.0	841.5047	71.35884	0.0	720.12366	1807.1488	165.05971	59.788567	977.5574	556.99634	2583.5112	1213.1511	2323.8562	662.5254	53.962505	61.486412	7.664612	18.794092
No	SS241_RE7_01_7587	0.0	0.0	0.0	0.0	0.0	607.1992	30.914791	0.0	373.53116	2362.6375	22.879047	480.0976	377.8083	416.8103	1766.3109	1458.9446	68.164215	49.98855	24.987207	109.27183	7.543495	7.9169497
No	SS209_RB11_01_7552	237.1338	0.0	129.38011	14.663213	0.0	1413.7948	111.82432	0.0	1703.0587	9116.447	103.179665	616.1596	2254.7092	3115.8342	9288.296	5533.8164	132.3399	132.87556	227.28894	247.67331	5.1076603	5.6212707
No	SS237_RE3_01_7583	78.74295	0.0	0.0	15.067797	0.0	718.5145	11.763587	0.0	858.0332	7081.574	9.135931	514.2047	612.2078	1996.6056	6228.2764	5622.1157	4.2633104	8.58206	165.99916	185.45265	3.8401833	7.4514017
No	SS263_RG5_01_7611	0.0	0.0	0.0	0.0	0.0	241.97285	170.4617	0.0	268.63928	845.76733	0.0	24.193966	302.1027	467.77432	883.8893	598.9736	28.980839	43.657005	32.882977	18.626686	3.0911088	2.5127406
No	SS248_RF2_01_7595	0.0	0.0	0.0	5.335039	0.0	123.543045	0.0	0.0	181.46402	1678.7574	0.0	145.58386	342.26724	3033.6367	1838.993	1549.1653	13.585445	0.0	44.50356	44.47576	2.9207828	4.321974
No	SS224_RD2_01_7569	20.75513	0.0	29.65299	166.21902	0.0	517.1747	138.4256	0.0	354.5593	4112.97	4.410439	343.08163	643.5796	3494.3164	3925.8445	4705.5215	46.82692	26.861502	138.95677	275.98633	11.53494	12.679261
No	SS226_RD4_01_7571	160.90315	0.0	80.53117	6.1151934	0.0	1556.2512	592.53424	0.0	2032.423	2016.6016	16.150017	168.9674	649.47296	429.61746	74.35808	949.99854	624.0701	487.9509	1165.2351	163.68228	6.858756	7.3485518
No	SS227_RD5_01_7572	523.47406	0.0	517.6151	10.101473	29.482996	134.475	1754.6573	2.8117833	198.9371	988.21234	500.46875	237.39395	271.03906	108.116905	1095.6227	1109.9576	3713.0188	299.7027	262.3083	171.25209	13.042072	14.779983
No	SS260_RG2_01_7608	0.0	0.0	0.0	3.8027449	0.0	495.41455	18.803385	0.0	508.37396	1300.302	0.0	64.41083	808.25433	0.0	1864.4581	886.0895	47.5595	77.40012	58.828255	63.84229	0.0	0.0
No	SS191_RA5_01_7533	76.96822	0.0	109.35472	43.81813	29.832	1001.1427	160.41507	0.0	1192.9783	5524.4077	4.278942	274.93143	1566.242	1205.448	8001.9736	3610.63	67.39285	98.83648	202.44118	186.18742	2.9092789	2.6644983
No	SS279_RH9_01_7628	0.0	0.0	57.744373	0.0	0.0	978.4493	139.99963	0.0	875.43146	2679.76	311.04062	74.04317	1851.96	1654.4695	5954.7524	2233.5894	266.5107	234.98149	20.922022	118.98511	9.198784	3.5094097
No	SS276_RH6_01_7625	245.06639	0.0	47.301426	65.475494	0.0	776.3347	63.37567	0.0	763.02234	4510.859	12.710527	416.93924	387.34406	2320.733	4477.917	3372.651	50.75617	76.5192	229.14478	232.67352	2.8339806	2.507784
No	SS359_RG8_01_7719	0.0	0.0	24.052887	7.02079	0.0	268.93307	44.767277	0.0	230.8307	1888.3225	73.19157	73.117935	447.7127	71.995255	2407.623	2739.568	224.01624	75.72221	52.551132	128.26637	4.970773	6.4491167
No	SS362_RG11_01_7722	59.609222	0.0	0.0	17.563148	0.0	607.63336	0.0	0.0	783.90643	3690.3032	2.90802	304.1622	1320.3169	155.94533	6059.3525	2450.2095	16.525133	118.68969	146.42763	176.79875	3.63839	4.049645
No	SS364_RH1_01_7725	403.27237	0.0	0.0	11.418491	0.0	621.4383	114.17637	123.69468	474.38037	2581.3188	2.6657515	257.5178	772.3717	0.0	3595.5728	2413.8936	37.1472	118.08189	152.36867	203.28384	13.652231	14.571923
No	SS367_RH4_01_7728	23.556427	0.0	41.878925	4.957038	0.0	338.8226	114.626335	34.858177	390.59927	1336.0905	32.92123	49.824245	404.4238	154.1562	1267.7222	1085.2166	321.73264	235.64275	83.95618	79.93359	4.6570435	6.859434
No	SS356_RG5_01_7716	33.65529	0.0	0.0	0.0	0.0	235.86642	0.0	0.0	302.927	1476.0142	18.31639	101.584076	347.58408	163.69675	1259.6337	1384.7607	92.57504	42.716858	51.442024	102.40083	0.0	0.0
No	SS335_RE8_01_7693	24.241392	0.0	133.67468	24.773142	90.70657	831.2482	604.056	0.0	688.73016	5252.5464	401.77948	436.70538	864.6014	0.0	6885.4697	4905.6914	831.1882	627.0415	181.9702	161.52467	0.0	15.461764
No	SS399_RC3_01_7767	0.0	0.0	0.0	3.1615686	0.0	120.77593	0.0	0.0	129.33914	689.90894	0.0	32.850235	361.18848	269.66943	1263.3617	714.7708	9.346151	3.3263855	6.6044884	37.894974	0.0	0.0
No	SS360_RG9_01_7720	60.79083	0.0	0.0	3.0758066	0.0	576.0272	0.0	0.0	603.25397	3238.5796	2.9133224	189.95964	636.6421	0.0	3186.193	2471.9	7.8191195	75.214516	73.82828	177.40314	9.763373	2.5161624
No	SS368_RH5_01_7729	103.14461	0.0	0.0	10.670122	0.0	173.7994	0.0	0.0	0.0	639.25037	6.7754498	62.0689	129.78734	181.70999	678.6156	955.80634	3.6036315	15.5265045	19.903093	19.319645	2.9944057	3.9966393
No	SS398_RC2_01_7766	0.0	0.0	116.45934	0.0	0.0	174.7531	0.0	0.0	0.0	288.7209	0.0	7.801699	124.19255	0.0	446.28745	311.46152	8.329947	13.028431	3.00161	22.07504	0.0	0.0
No	SS342_RF3_01_7701	9.8054905	0.0	18.045265	3.9785104	0.0	85.3737	0.0	0.0	0.0	1325.6345	2.8600078	103.7684	80.85771	0.0	1046.7723	2706.0042	11.363861	18.972162	59.546417	175.26682	3.8577905	14.323454
No	SS365_RH2_01_7726	11.213497	0.0	36.767735	4.0258837	0.0	383.8585	264.751	13.317725	461.9168	1928.1998	8.932154	150.10052	507.1327	73.10376	2338.4429	3243.9224	288.42303	102.708694	112.91596	181.90668	11.576709	11.727382
No	SS347_RF8_01_7706	10.315358	0.0	0.0	0.0	0.0	503.76242	0.0	0.0	554.07043	3397.544	0.0	230.28146	972.2032	181.33487	4806.4824	2069.1123	0.0	15.04698	101.542175	162.55069	0.0	0.0
No	SS366_RH3_01_7727	0.0	0.0	0.0	4.834051	0.0	92.201805	34.49014	3.3900976	193.42036	380.24084	0.0	22.913774	295.15222	0.0	1163.1187	285.71133	18.712822	40.557434	33.173763	34.077137	3.7354808	0.0
No	SS369_RH6_01_7730	0.0	0.0	0.0	0.0	0.0	96.44956	23.90517	0.0	0.0	430.80698	3.149404	14.898444	57.134445	158.41316	589.7245	530.7042	8.848065	3.7514627	7.2955604	4.889045	2.8845377	3.4224815
No	SS361_RG10_01_7721	24.667067	0.0	0.0	14.427744	0.0	447.60934	60.137444	0.0	376.65805	2786.0688	3.8002954	140.72673	295.80173	60.48789	1244.946	2209.9177	14.767832	36.317287	98.900536	232.21165	3.454814	2.6644983
No	SS370_RH7_01_7731	11.3359585	0.0	11.9154825	4.4974413	0.0	822.2858	48.947952	0.0	1444.6499	5484.027	26.014812	386.71564	2510.8503	138.96593	8764.113	3144.332	65.507774	174.9604	242.22078	268.29297	3.6759825	3.2547984
No	SS358_RG7_01_7718	12.410013	0.0	0.0	0.0	0.0	455.64526	0.0	0.0	503.66095	2509.8735	38.02687	181.80484	854.29126	534.39545	3843.7148	1749.5748	49.118546	22.780275	64.55337	153.97737	3.0043638	2.9878807
No	SS403_RC7_01_7771	0.0	0.0	0.0	0.0	0.0	154.61682	0.0	0.0	0.0	975.24493	0.0	35.881405	383.73694	116.79968	840.3195	785.357	0.0	3.3694038	5.727718	47.739124	0.0	0.0
No	SS416_RD8_01_7787	24.156033	0.0	147.52026	0.0	0.0	484.83624	172.49698	0.0	625.84015	1502.6945	75.35968	129.06917	541.78033	335.2931	2018.039	3817.2395	296.7909	494.8974	601.66376	509.04797	9.199656	4.9298506
No	SS414_RD6_01_7785	0.0	0.0	157.5038	0.0	0.0	888.55646	194.51628	0.0	1044.2914	5043.3237	247.14235	606.1647	1886.497	0.0	3258.4658	6776.2417	399.56458	239.44043	250.10214	507.87048	20.315403	14.8339615
No	SS392_RB8_01_7759	14.364168	0.0	0.0	39.78195	0.0	866.05664	57.16586	0.0	984.6008	8303.147	3.6565547	513.4541	1075.1262	1423.0498	10162.582	3626.9111	8.534353	4.5416355	363.29614	262.654	17.372913	4.1610518
No	SS394_RB10_01_7761	0.0	0.0	0.0	0.0	0.0	253.11772	0.0	0.0	0.0	3041.5293	2.769267	372.0781	345.54306	1791.1201	1681.5612	3697.347	6.609584	0.0	53.10436	76.52426	3.0379932	3.478363
No	SS413_RD5_01_7784	15.358004	0.0	32.289494	0.0	0.0	45.31895	52.52645	0.0	0.0	450.6104	19.783516	28.9198	189.62639	0.0	1173.1407	1358.5739	47.647835	25.634766	39.141956	108.76455	4.09686	3.762251
No	SS393_RB9_01_7760	106.27882	0.0	0.0	6.145952	0.0	226.68611	45.207092	0.0	186.53185	1444.5724	2.54975	67.20019	341.98056	1734.4766	1506.2871	1702.076	38.37814	11.080833	15.474073	45.82089	3.0447354	0.0
No	SS363_RG12_01_7723	15.888582	0.0	0.0	0.0	0.0	473.5969	0.0	0.0	370.09314	4970.284	0.0	295.5657	1070.9563	1471.2546	6244.92	4682.468	3.7127838	6.2791243	136.76834	288.93225	2.696023	0.0
No	SS350_RF11_01_7709	0.0	0.0	0.0	0.0	0.0	59.77025	0.0	13.721809	0.0	1008.4827	6.3829737	79.25656	74.701744	0.0	888.93384	1070.7946	17.691257	8.669971	26.408401	62.46185	5.244049	5.835924
No	SS415_RD7_01_7786	0.0	0.0	51.58053	2.5503337	0.0	58.12921	0.0	0.0	0.0	262.4817	10.215119	10.428839	163.44603	73.24846	635.7254	778.28796	36.05571	59.579803	62.650944	77.79961	0.0	0.0
No	SS401_RC5_01_7769	0.0	0.0	45.066246	3.3641396	0.0	1455.526	80.91064	2.6788034	1698.4788	4333.4893	13.498436	169.86441	1828.9128	0.0	7135.8994	2263.9277	68.93135	129.19409	238.0753	307.3648	2.6026227	0.0
No	SS405_RC9_01_7773	0.0	0.0	0.0	3.744669	0.0	70.32916	0.0	9.212155	0.0	520.6307	0.0	43.286385	58.394814	74.431564	572.7505	761.1048	14.905481	50.741215	10.767745	19.332775	0.0	0.0
No	SS402_RC6_01_7770	0.0	0.0	188.1031	0.0	0.0	1403.981	52.611572	0.0	1031.5907	2456.8633	3.9566777	100.08147	1708.6512	0.0	4790.3105	1864.1327	53.855118	199.62762	163.00558	163.45668	3.064545	0.0
No	SS404_RC8_01_7772	13.66167	0.0	521.7295	6.767666	0.0	617.4815	117.32065	0.0	335.86563	1514.4996	56.451485	74.09578	447.24948	51.708145	2068.6033	1769.6609	286.27405	133.73035	128.25945	190.59581	0.0	0.0
No	SS406_RC10_01_7776	0.0	0.0	0.0	3.2410817	0.0	18.329233	0.0	7.0090647	0.0	287.6427	0.0	9.513844	22.900652	84.15736	218.21475	299.8191	20.958424	4.32327	0.0	7.734415	0.0	0.0
No	SS397_RC1_01_7765	0.0	0.0	0.0	2.502539	0.0	79.92039	0.0	32.06899	0.0	567.78577	5.744182	23.846592	133.35185	987.23224	614.8863	553.6196	13.767756	3.9165711	26.084877	16.419186	0.0	13.622009
No	SS400_RC4_01_7768	0.0	0.0	448.24203	0.0	0.0	902.4754	47.96371	0.0	727.7798	2050.6196	396.272	75.885765	1056.7828	307.60846	2721.2158	1451.7422	1175.4236	174.1146	99.70171	108.760284	0.0	0.0
No	SS395_RB11_01_7762	0.0	0.0	104.71446	4.6538506	0.0	297.07916	0.0	8.921741	315.24777	1462.0944	3.3229501	82.39598	508.05884	1004.56836	2301.6074	1330.4287	71.59407	47.352745	57.349922	37.75628	7.4442987	3.719593
No	SS334_RE7_01_7692	0.0	0.0	0.0	5.3875017	0.0	17.709919	0.0	0.0	0.0	382.4087	0.0	16.90704	19.33614	0.0	388.7249	450.32422	0.0	2.4923859	0.0	0.0	0.0	0.0
No	SS345_RF6_01_7704	64.5351	0.0	0.0	43.62702	0.0	418.50635	0.0	0.0	320.23682	1686.8776	5.9184036	138.2359	438.37247	81.37106	1281.232	1981.1781	18.712986	138.66753	78.7873	182.70946	15.269027	3.2061234
No	SS355_RG4_01_7715	0.0	0.0	0.0	0.0	0.0	164.8558	28.268024	5.8982134	232.65646	1764.1595	3.3229733	261.08923	232.31662	0.0	1572.1941	1780.3944	25.813175	65.632904	40.906376	116.394356	6.8001084	5.685727
No	SS333_RE6_01_7691	0.0	0.0	0.0	0.0	0.0	125.156204	0.0	0.0	0.0	913.10565	0.0	48.121624	50.465225	50.7024	801.6491	882.9578	10.862005	32.08059	15.980014	24.324394	0.0	0.0
No	SS339_RE12_01_7697	0.0	0.0	59.893204	20.936817	0.0	53.986908	75.60359	124.71307	0.0	523.0999	24.013771	38.484486	25.978477	0.0	402.19287	469.25626	547.418	26.124712	9.288785	33.038364	0.0	0.0
No	SS283_RA4_01_7637	0.0	0.0	16.721529	0.0	25.363747	835.8784	53.2918	0.0	912.66284	2941.6611	193.32011	63.854473	1987.3145	3442.6755	5853.031	2056.6128	156.63132	141.34361	110.70684	188.38522	3.376902	0.0
No	SS310_RC7_01_7666	0.0	0.0	9.311872	0.0	0.0	240.1798	314.82507	0.0	304.02658	2155.615	6.819149	211.4652	878.29865	0.0	4019.029	2158.459	37.9564	56.08333	64.59304	271.90936	3.1682382	30.29136
No	SS296_RB5_01_7651	0.0	0.0	54.15594	8.175565	0.0	452.1983	3232.7666	5.5412693	455.60187	3855.285	26.00372	678.73047	552.8436	50.19733	1304.6205	3426.3044	66.77925	94.87492	117.574814	196.65056	19.611832	41.752792
No	SS309_RC6_01_7665	0.0	0.0	0.0	0.0	0.0	49.469147	268.20038	0.0	0.0	615.57056	0.0	51.48475	186.8448	0.0	1255.273	1987.8723	54.27483	98.1292	32.90058	85.066605	6.3319354	2.9929981
No	SS312_RC9_01_7668	0.0	0.0	44.58441	0.0	0.0	533.1112	154.32703	0.0	685.9843	2669.136	6.5139236	230.29344	1065.2911	0.0	3001.3306	1596.8738	135.57938	178.56387	81.74094	214.00697	30.438866	22.292759
No	SS285_RA6_01_7639	0.0	0.0	0.0	0.0	0.0	406.1404	0.0	0.0	438.1341	1234.626	41.339226	19.357956	740.2094	3028.5217	2175.9575	1080.526	24.841118	23.875128	48.96694	86.78277	0.0	0.0
No	SS314_RC11_01_7670	0.0	0.0	73.39855	2.521686	0.0	545.7524	114.98794	0.0	473.81216	1921.2375	15.986025	68.00921	649.3279	0.0	2080.3247	1916.9779	248.21242	69.256386	74.014854	158.45155	7.1551056	7.1774635
No	SS313_RC10_01_7669	0.0	0.0	23.838669	0.0	0.0	395.57764	371.4012	0.0	454.2707	2803.336	3.2559247	90.51447	885.7907	63.93102	3305.1357	1363.3486	56.20446	35.68203	32.455322	146.6131	15.596103	6.9084053
No	SS297_RB6_01_7652	24.279629	0.0	124.26285	0.0	0.0	616.0165	117.36897	0.0	968.2188	2146.5437	248.3385	63.12892	1714.3416	506.00336	4492.313	1157.643	248.1547	232.39777	65.38696	53.92159	2.9066849	8.078015
No	SS295_RB4_01_7650	0.0	0.0	53.237003	0.0	0.0	364.5399	35.029724	0.0	357.84015	1494.8344	139.58035	61.60854	764.2179	2361.5706	2191.3162	1288.887	137.40382	90.20262	73.39805	114.940025	3.2046547	0.0
No	SS293_RB2_01_7648	14.424084	0.0	24.644718	0.0	0.0	369.78223	0.0	0.0	512.94977	1534.653	142.28981	85.301315	967.02466	2028.8976	2406.5203	1040.3064	117.76606	109.00679	73.4824	66.15566	0.0	3.9676347
No	SS271_RH1_01_7620	83.86055	0.0	319.81262	17.04562	0.0	2450.2087	170.81725	0.0	1799.4895	10347.242	112.99887	463.0879	2902.4995	0.0	12454.647	8661.945	131.37567	138.84633	523.1101	755.52124	14.005038	24.114174
No	SS303_RB12_01_7658	8.777676	0.0	40.675907	4.2848253	0.0	161.67822	293.62158	0.0	194.96156	1152.6321	4.811388	36.692383	321.05426	1151.025	1319.7822	1561.1865	25.295387	28.776718	51.94991	76.94322	11.070676	40.535286
No	SS336_RE9_01_7694	12.847573	0.0	149.33496	0.0	43.701397	289.5536	84.27045	29.714048	438.19147	920.6703	56.941082	147.2156	434.91364	0.0	1526.484	644.2116	756.23956	294.63232	53.8539	40.755547	0.0	0.0
No	SS317_RD2_01_7674	12.970657	0.0	63.53339	3.7769299	0.0	1204.0859	1790.5258	0.0	1376.559	4374.644	2.8053946	375.57593	1609.9055	0.0	6163.2437	5455.0723	81.80746	154.73737	580.47235	605.37787	4.7224245	36.774445
No	SS302_RB11_01_7657	0.0	0.0	45.827194	0.0	0.0	323.2765	0.0	0.0	340.03204	1324.0717	33.137997	54.064957	504.14053	711.811	1868.7668	2241.719	117.52695	72.05623	60.469162	77.80167	4.7104073	26.862371
No	SS343_RF4_01_7702	0.0	0.0	0.0	3.1218054	0.0	80.450455	0.0	0.0	0.0	571.0869	4.9049664	43.586845	86.6633	15.797057	503.91983	596.25903	16.65985	24.501684	4.585602	31.576317	0.0	2.9780889
No	SS353_RG2_01_7713	0.0	0.0	29.986786	0.0	0.0	646.64246	69.56745	9.668075	973.6319	2815.7803	22.881363	351.42148	732.5194	148.46567	2738.003	2665.9287	213.27919	323.90686	245.86423	240.59445	10.107958	3.9403806
No	SS332_RE5_01_7690	0.0	0.0	45.14895	0.0	57.80872	447.56546	392.67426	0.0	672.61456	2431.6626	89.729095	101.569954	553.47424	64.728806	4106.4634	2268.7805	506.7625	692.9197	72.55289	71.27921	5.5472536	25.943262
No	SS349_RF10_01_7708	41.62071	0.0	22.06659	4.4896183	0.0	181.34323	0.0	17.425291	0.0	1649.6265	0.0	217.72232	141.68822	226.61925	1250.8643	1638.2911	7.8389645	37.65501	41.75212	39.540203	5.5152407	0.0
No	SS352_RG1_01_7712	23.20766	0.0	0.0	2.90267	0.0	47.014736	0.0	2.7540386	0.0	734.2577	3.3441792	55.23597	61.862587	0.0	636.2451	972.95605	5.6315107	12.075827	17.57585	44.830647	3.7890549	2.5410128
No	SS348_RF9_01_7707	0.0	0.0	0.0	0.0	0.0	285.91718	0.0	15.050276	230.29591	2854.479	3.7656562	412.90085	119.05353	559.2426	2119.1702	2635.0442	4.745886	12.073218	42.68786	96.92126	3.4248643	0.0
No	SS357_RG6_01_7717	16.032036	0.0	15.973137	3.3382208	0.0	209.73238	0.0	10.923765	301.08432	1580.6898	3.5819044	116.81394	309.66348	55.76777	1618.4354	1508.3964	53.18566	114.75041	80.696144	130.18773	3.99302	3.6665704
No	SS354_RG3_01_7714	59.57908	0.0	10.826124	5.7721963	0.0	207.88228	0.0	16.294159	262.53323	1442.5138	2.721262	184.95522	241.12892	171.70763	1278.78	1332.7747	56.091393	62.740295	17.35941	98.68638	2.7778034	5.520204
No	SS346_RF7_01_7705	44.452953	0.0	0.0	4.525997	0.0	94.57724	0.0	3.565549	0.0	1208.5836	3.3929458	68.68385	130.30229	0.0	1082.6794	1518.1001	0.0	9.299577	13.017257	64.68502	3.6002326	2.9611852
No	SS341_RF2_01_7700	0.0	0.0	15.307561	0.0	0.0	142.45982	46.670197	0.0	0.0	1117.0541	2.8236036	77.4802	216.1155	0.0	1146.3	1619.7834	41.820835	89.4455	16.559042	83.9773	4.5317802	0.0
No	SS344_RF5_01_7703	0.0	0.0	82.83013	18.588036	0.0	210.50676	0.0	0.0	0.0	885.57855	0.0	40.67371	178.89194	147.56111	681.0867	1132.2206	54.77303	42.993816	18.255463	87.9838	9.690449	0.0
No	SS351_RF12_01_7710	42.226906	0.0	20.778915	3.3700728	0.0	113.12806	0.0	0.0	0.0	1297.5497	0.0	94.40073	174.01738	0.0	1278.9044	1202.4674	5.071493	18.121536	20.564688	37.345726	5.5644026	2.8182087
No	SS301_RB10_01_7656	0.0	0.0	67.62808	0.0	0.0	270.34808	362.9141	0.0	345.46164	2201.5115	32.633976	283.78513	708.3586	0.0	1722.1486	4629.6753	87.76417	56.081562	67.4935	275.64984	4.9936376	14.649708
No	SS337_RE10_01_7695	0.0	0.0	385.1417	2.5398362	0.0	58.167004	199.15518	35.95559	0.0	595.1526	83.76127	32.63856	64.73809	0.0	549.99365	889.32654	983.5172	50.23677	45.068672	71.5904	2.704668	0.0
No	SS299_RB8_01_7654	57.093338	0.0	39.53968	0.0	0.0	998.9413	57.87604	0.0	1826.5529	3615.0955	206.758	94.264084	1957.9639	1366.8354	6392.849	1899.1271	369.63968	298.22772	141.41022	87.43708	0.0	0.0
No	SS338_RE11_01_7696	0.0	0.0	470.70602	4.4933634	0.0	192.51674	241.61392	69.66609	65.27435	1038.3928	71.90851	52.445393	231.85023	0.0	1074.0787	1300.4102	1490.6678	212.26497	52.466698	134.18236	3.2911649	0.0
No	SS340_RF1_01_7699	0.0	0.0	0.0	0.0	0.0	169.14136	0.0	0.0	0.0	660.9407	0.0	53.86196	47.474655	62.68208	517.29974	807.8404	10.172396	9.55515	13.368303	58.742207	0.0	0.0
No	SS316_RD1_01_7673	20.982018	0.0	15.66589	3.3940558	0.0	628.0788	76.344	0.0	535.4664	4042.5059	2.9892182	256.25232	877.08026	126.86601	4429.2725	3298.9084	12.085573	48.769783	203.90652	672.26337	8.234082	6.819254
No	SS222_RC12_01_7566	18.001907	0.0	60.378067	3.5671961	0.0	61.285316	94.0689	0.0	0.0	568.238	3.329102	66.3939	48.009716	3086.3967	687.36304	1206.5488	79.720276	40.372612	64.80676	118.42912	7.4598255	3.7543406
No	SS220_RC10_01_7564	340.1827	0.0	48.0578	10.3692665	0.0	725.49536	71.000404	0.0	801.1081	5689.8853	24.258383	552.6522	317.29773	3640.1982	4917.228	4586.96	23.356472	28.772522	56.263954	229.0442	7.642191	3.2730246
No	SS240_RE6_01_7586	310.9149	0.0	0.0	42.897392	38.737713	416.8836	0.0	0.0	258.90088	2750.664	0.0	75.49058	335.26276	451.49728	1743.4283	2269.143	0.0	0.0	489.7508	428.62613	0.0	0.0
No	SS66_RF6_01_7379	12.400787	0.0	39.202698	51.006645	0.0	959.08057	31.285576	2.8027878	853.2553	5357.0273	7.4772687	607.8872	1305.6353	424.45883	5171.743	4952.2256	39.92646	90.69642	209.76157	252.01189	5.524025	4.416497
No	SS107_RB2_01_7432	0.0	0.0	31.04503	0.0	0.0	272.12576	0.0	0.0	461.61877	685.9434	0.0	16.065401	525.1872	0.0	1263.8893	294.63983	42.0371	37.64798	40.132412	10.587902	0.0	0.0
No	SS79_RG7_01_7394	111.933334	0.0	0.0	339.9849	0.0	346.4751	0.0	0.0	237.71262	3035.2175	6.5446033	380.9866	320.87036	1621.178	1605.3926	2909.07	12.547117	10.499296	110.04109	76.1128	3.42879	4.3578157
No	SS76_RG4_01_7391	0.0	0.0	0.0	7.337689	0.0	65.38525	55.24743	7.4034986	0.0	473.1663	5.1917677	28.604336	85.46899	360.85413	661.4916	777.68286	50.884727	17.505863	15.163619	52.146416	4.1081786	2.8209877
No	SS77_RG5_01_7392	0.0	0.0	0.0	2.4989467	0.0	17.0738	0.0	48.87596	0.0	193.75621	0.0	15.301746	43.810284	355.1476	359.63208	470.68744	31.943663	7.163192	6.241073	11.935977	2.9861555	0.0
No	SS67_RF7_01_7380	9.254126	0.0	0.0	110.501915	0.0	127.1369	45.04354	0.0	133.55782	2727.57	5.8229823	351.8874	268.87854	1383.512	2367.799	3308.9287	9.539885	0.0	64.37928	88.427246	3.8507476	0.0
No	SS75_RG3_01_7390	0.0	0.0	0.0	0.0	0.0	121.52783	0.0	0.0	145.8383	612.52783	0.0	47.50797	170.64764	207.18153	883.8766	957.72833	28.48207	9.570312	29.896408	93.72718	2.6911535	0.0
No	SS68_RF8_01_7381	12.51421	0.0	0.0	25.636347	0.0	114.29819	0.0	0.0	114.82847	1600.6342	0.0	147.24606	257.64383	633.69965	1562.9177	1477.6921	0.0	7.4748764	37.415585	34.732197	2.5756016	0.0
No	SS42_RD6_01_7352	378.06683	0.0	67.37483	317.71118	30.518814	661.57446	95.55772	0.0	978.8769	4937.4424	11.366013	462.92798	1163.283	1318.3616	6154.318	4889.6704	76.07517	81.07466	172.51741	169.3879	4.610123	3.7587469
No	SS40_RD4_01_7350	46.52159	0.0	73.68033	151.3349	0.0	452.8763	0.0	0.0	547.83545	4742.047	3.2169971	287.10843	726.0134	2472.6099	3924.8186	2412.7524	49.300537	40.49873	177.11305	103.184074	2.98971	0.0
No	SS80_RG8_01_7395	0.0	0.0	0.0	0.0	0.0	35.27652	0.0	0.0	0.0	182.36574	0.0	8.754033	63.567	0.0	422.45975	292.1458	3.9815505	2.68026	3.1879067	10.827635	0.0	3.1203804
No	SS41_RD5_01_7351	87.48734	0.0	40.627354	129.12247	0.0	607.2515	32.440105	2.5990088	673.10065	3908.1099	13.656795	327.5229	951.4494	581.22174	4929.7695	4034.077	113.08199	99.67852	143.39142	174.6567	13.256696	0.0
No	SS43_RD7_01_7353	935.1796	0.0	110.28025	195.42697	0.0	396.65405	83.77037	0.0	472.80896	3878.9788	44.746487	327.41898	735.055	1885.5698	3175.0173	2883.0237	514.4545	161.67995	130.93507	117.331924	11.734879	4.07861
No	SS44_RD8_01_7355	172.93518	0.0	33.968002	275.11588	0.0	406.0619	95.27569	0.0	488.92923	3171.9683	11.576009	260.90643	685.7852	452.24377	2967.0635	2619.1626	47.00332	32.621807	111.38391	115.55263	6.402817	5.0462093
No	SS48_RD12_01_7359	359.71475	0.0	103.15108	200.52159	0.0	583.8535	73.16552	0.0	898.44006	4795.829	17.339779	440.65414	1286.5398	1109.0182	5700.361	3342.8887	103.62617	60.260384	213.92433	167.4485	3.9220047	2.642653
No	SS120_RC3_01_7446	0.0	0.0	0.0	0.0	0.0	144.46768	51.071213	0.0	184.38046	516.16815	0.0	16.817686	96.89203	0.0	515.57654	530.12524	109.19557	53.71153	57.716198	46.754246	0.0	0.0
No	SS39_RD3_01_7349	485.32697	0.0	42.341614	67.34706	0.0	829.9541	52.2338	0.0	1423.171	6063.1187	4.8030767	145.4798	1869.6788	1914.7185	9033.881	3914.3499	51.51893	78.10146	270.79474	249.88312	3.015646	0.0
No	SS82_RG10_01_7397	685.6224	115.24383	247.17978	57.274864	98.267685	433.27466	267.61682	0.0	403.14615	2067.2087	192.22804	88.59645	568.4112	1366.4126	2017.0417	1488.616	1242.3372	73.33126	47.817516	37.26449	5.398303	3.2090607
No	SS108_RB3_01_7433	0.0	0.0	73.489655	0.0	0.0	292.88748	24.138126	0.0	328.4933	1492.9158	3.5158517	64.51323	572.7322	188.44003	2193.269	1055.7305	43.14372	21.068008	46.68151	68.67144	0.0	0.0
No	SS78_RG6_01_7393	95.57951	0.0	28.589287	161.46608	24.464611	374.7968	43.930206	0.0	303.2103	3137.238	4.0581436	348.52643	428.666	758.0623	1472.3357	2892.0435	7.902421	16.666473	61.711678	96.15844	5.6104317	22.469421
No	SS109_RB4_01_7434	52.49199	0.0	124.65704	5.127517	0.0	395.36053	308.27197	0.0	587.8576	1170.7482	339.15823	69.98075	725.5945	848.715	1330.3453	1285.5636	1760.3774	455.87924	182.89676	131.12206	7.82029	5.6966743
No	SS99_RA6_01_7423	471.6805	0.0	126.12627	23.452145	35.14268	1586.0712	439.44907	0.0	2052.496	9308.3125	371.4674	627.91986	3043.1914	3769.8674	11514.761	6373.8726	1847.1207	826.0449	577.96564	526.1658	4.9070024	0.0
No	SS138_RD9_01_7465	12.830412	0.0	170.4332	0.0	0.0	163.94496	130.82518	0.0	249.67955	622.7158	117.38648	19.255203	242.79825	1055.5354	775.63025	835.6334	1443.545	227.82385	111.4365	89.47796	2.5894625	0.0
No	SS122_RC5_01_7448	13.108491	0.0	219.57028	4.053507	0.0	337.01584	232.53163	17.008684	665.8028	1436.8752	26.344364	70.945145	657.8632	153.59877	3268.3325	1368.0295	602.54156	204.6294	169.8601	125.48426	2.8469982	0.0
No	SS83_RG11_01_7398	206.26637	0.0	40.847237	99.01059	0.0	496.32416	60.81648	0.0	598.0052	3092.5566	31.020119	300.23462	891.6329	608.52185	3512.9138	3205.769	139.17966	149.00302	108.91324	93.75221	7.981533	3.342802
No	SS92_RH8_01_7409	312.16806	0.0	496.23553	23.26284	25.393303	480.074	744.91345	3.4075108	551.8117	1852.1365	44.550076	113.834366	645.8651	34.594124	2509.7097	1862.0839	886.3747	254.84454	127.230774	149.65996	4.0529995	10.587797
No	SS30_RC6_01_7339	444.19763	0.0	45.51425	123.839485	0.0	357.61603	75.23642	11.322567	422.90482	3735.1897	7.0078273	321.2445	582.9568	1083.7057	3296.2522	2909.0413	46.48218	38.24485	129.63457	146.72617	3.6168022	8.954026
No	SS124_RC7_01_7450	0.0	0.0	90.69142	2.9328742	0.0	74.29986	91.28563	0.0	46.006287	289.92902	39.657223	26.988443	160.57755	266.7501	625.9019	365.97818	429.69327	62.14593	42.86719	46.45838	0.0	0.0
No	SS95_RA2_01_7419	500.8	0.0	0.0	68.168594	0.0	257.63	38.639584	0.0	212.279	3205.1516	0.0	290.20395	353.248	4271.85	2252.4895	2693.0647	15.0876045	15.9509325	70.26013	112.960495	0.0	0.0
No	SS189_RA3_01_7531	112.306206	0.0	0.0	10.272142	0.0	549.15265	0.0	0.0	442.21497	3871.724	14.280403	279.7566	412.4001	2615.5615	2633.3892	2374.109	8.587209	3.9967475	114.117714	82.91182	24.006227	4.837824
No	SS65_RF5_01_7378	64.60101	0.0	0.0	40.988846	0.0	265.34744	0.0	0.0	347.95258	3808.5286	0.0	378.61417	658.52374	629.26636	3146.7073	3052.2908	8.225705	8.130974	75.9469	89.116615	3.639734	5.9214673
No	SS64_RF4_01_7377	77.06164	0.0	0.0	73.045586	0.0	249.44005	31.152315	6.1122475	241.2071	3426.9983	2.7099967	317.201	533.58014	1625.1515	2808.411	3461.3716	0.0	18.183306	67.91115	94.39775	3.172594	2.692318
No	SS123_RC6_01_7449	0.0	0.0	0.0	0.0	0.0	5.7281284	0.0	0.0	0.0	77.50854	0.0	4.331237	7.312742	146.2138	106.76125	183.59097	0.0	3.3626041	18.041649	7.7470326	0.0	0.0
No	SS96_RA3_01_7420	68.944855	0.0	36.13585	9.199832	0.0	87.86643	0.0	2.7557483	0.0	521.353	12.861243	34.009033	65.224236	1940.3323	652.6059	672.0148	70.26224	26.790024	24.550802	14.994093	2.4996645	0.0
No	SS102_RA9_01_7426	112.67442	0.0	38.967117	8.266466	79.17608	584.73096	159.7298	0.0	592.13245	1688.1156	381.8392	65.669975	532.30316	2356.1914	1577.683	1075.8491	742.2727	162.93187	49.71539	50.55932	0.0	3.0308437
No	SS97_RA4_01_7421	244.85861	0.0	117.63095	7.812189	0.0	1511.4308	204.97139	0.0	1795.1766	3421.4592	69.065865	288.66684	1034.9006	1278.1238	4180.2495	2236.1145	2407.412	562.7367	145.94827	143.05824	6.284959	3.3839667
No	SS117_RB12_01_7442	105.06605	0.0	23.094677	5.855568	0.0	564.10486	0.0	0.0	535.5396	3738.008	3.4612012	334.26013	819.9179	940.3318	4614.547	2477.9358	6.985565	8.938245	94.417534	167.93752	3.1740046	0.0
No	SS27_RC3_01_7336	962.5576	139.06967	149.45795	123.58734	71.158714	1368.684	106.82081	2.7356596	1641.2863	6753.8193	13.106346	626.8492	89.800476	126.21465	8331.923	5019.324	642.82416	666.60785	286.93582	181.90823	8.550816	27.081629
No	SS81_RG9_01_7396	0.0	0.0	0.0	0.0	0.0	90.69879	0.0	0.0	168.88602	347.09982	0.0	4.6708846	201.16492	0.0	761.1362	206.51227	0.0	20.4056	17.873585	22.32214	0.0	0.0
No	SS3_RA3_01_7307	237.24217	0.0	0.0	102.99571	0.0	247.95168	0.0	0.0	250.00607	2131.9312	0.0	153.0079	439.16898	1904.8557	1983.4069	2149.3013	3.5238123	7.593669	73.425896	63.230312	0.0	0.0
No	SS14_RB2_01_7322	238.4726	0.0	0.0	32.545593	0.0	114.359245	0.0	4.192671	131.72928	317.684	0.0	8.340641	165.7669	154.44464	639.90216	318.22598	47.17004	43.195198	15.634101	19.02239	2.5942357	0.0
No	SS32_RC8_01_7341	0.0	0.0	0.0	0.0	0.0	44.0689	0.0	0.0	0.0	561.5864	0.0	14.720657	93.71713	145.67564	560.4789	332.19778	2.7400017	6.160301	21.457006	10.554839	0.0	0.0
No	SS34_RC10_01_7343	0.0	0.0	0.0	0.0	0.0	54.038612	0.0	0.0	0.0	284.22144	0.0	12.260025	50.822495	77.02545	310.349	339.18024	8.791821	7.094798	2.5047126	20.906836	0.0	0.0
No	SS36_RC12_01_7345	0.0	0.0	25.85719	0.0	0.0	56.846718	0.0	0.0	0.0	152.60738	0.0	10.015068	65.457596	0.0	251.64326	97.38653	36.858395	15.814213	2.8391876	0.0	0.0	0.0
No	SS33_RC9_01_7342	0.0	0.0	0.0	0.0	0.0	47.43767	0.0	0.0	0.0	243.47408	0.0	10.216166	66.15717	0.0	344.04428	164.85971	13.990682	7.6690807	7.3153477	8.008269	0.0	0.0
No	SS22_RB10_01_7330	0.0	0.0	41.135933	0.0	0.0	198.62573	23.935694	0.0	347.78244	963.03723	0.0	18.331718	779.85345	0.0	2639.4602	442.98773	25.287226	17.824022	32.100872	35.60653	0.0	0.0
No	SS21_RB9_01_7329	0.0	0.0	0.0	0.0	0.0	41.180267	0.0	0.0	0.0	212.61015	0.0	5.80741	76.951614	86.012436	350.49805	214.64563	10.5283165	3.3138313	2.8443947	7.7848363	3.30925	0.0
No	SS17_RB5_01_7325	0.0	0.0	28.5909	0.0	0.0	133.47499	0.0	0.0	195.90822	567.065	0.0	19.78336	336.20975	40.01265	992.39343	370.44006	11.3532715	16.062819	23.259674	12.2503395	0.0	0.0
No	SS31_RC7_01_7340	0.0	0.0	0.0	3.7577786	0.0	47.120434	0.0	0.0	0.0	451.90363	0.0	25.3256	104.986855	101.988914	521.67377	528.6452	3.0603905	3.2868204	9.9152565	3.910183	0.0	0.0
No	SS46_RD10_01_7357	0.0	0.0	0.0	0.0	0.0	9.489747	0.0	0.0	0.0	100.91003	0.0	0.0	20.844673	0.0	129.38373	143.03374	0.0	3.3308723	0.0	8.945528	0.0	0.0
No	SS37_RD1_01_7347	0.0	0.0	0.0	0.0	0.0	16.388432	0.0	0.0	0.0	58.733772	0.0	0.0	26.725758	0.0	45.972504	101.99609	64.71723	3.1580744	14.2573185	25.13945	0.0	0.0
No	SS20_RB8_01_7328	0.0	0.0	0.0	0.0	0.0	36.66944	0.0	0.0	0.0	94.712265	0.0	0.0	35.715607	81.31305	35.251663	85.16117	9.362478	6.4088244	2.7976475	3.1827993	0.0	0.0
No	SS16_RB4_01_7324	0.0	0.0	0.0	2.5716057	0.0	100.28286	0.0	0.0	115.764786	517.3449	0.0	22.969973	171.54994	77.56513	794.6487	696.49286	14.254472	26.172478	34.576996	46.603687	0.0	0.0
No	SS15_RB3_01_7323	0.0	0.0	0.0	2.5591545	0.0	282.60138	0.0	3.8983035	408.15918	686.1119	0.0	20.070454	572.83984	93.10971	1288.3114	422.12985	27.538073	48.082264	39.641502	36.833824	0.0	0.0
No	SS38_RD2_01_7348	0.0	0.0	0.0	0.0	0.0	152.36575	0.0	0.0	203.37239	747.4079	0.0	28.814886	332.81174	68.16285	1790.4412	1036.9019	13.117745	14.505762	30.692894	49.047928	0.0	0.0
No	SS5_RA5_01_7309	290.8605	0.0	0.0	70.81673	0.0	171.68434	0.0	31.096493	213.63905	2300.258	0.0	232.2276	360.12143	616.69006	2004.2605	1900.4778	5.5353127	6.512952	49.691067	60.54719	2.5926833	0.0
No	SS2_RA2_01_7306	82.390076	0.0	0.0	148.97229	0.0	302.10168	0.0	0.0	311.81485	3470.822	0.0	296.51318	425.5066	1885.7231	2706.11	3212.1665	11.087907	14.537213	123.8238	124.86383	2.5914984	0.0
No	SS45_RD9_01_7356	95.20709	273.65567	220.55486	0.0	82.37758	853.91583	37.36265	0.0	645.4144	936.5395	42.879627	27.030594	335.24173	87.485596	850.3089	478.80673	115.47595	53.565186	0.0	0.0	0.0	0.0
No	SS25_RC1_01_7334	497.07806	0.0	0.0	172.62973	0.0	249.396	0.0	0.0	262.1983	3572.9429	0.0	320.40524	483.97192	1323.9415	2701.9678	3186.8223	17.159119	9.644722	125.51191	128.61424	7.378628	0.0
No	SS8_RA8_01_7314	1338.5864	0.0	26.7847	360.31033	0.0	569.95105	77.09477	0.0	560.8029	4848.896	2.9537945	455.54813	848.1877	2465.316	3897.7993	3810.2283	63.934822	43.51014	157.64838	165.4382	2.9879048	0.0
No	SS29_RC5_01_7338	107.61012	0.0	0.0	199.66669	41.927998	213.60571	0.0	0.0	228.23177	2694.1196	29.593239	218.0009	343.27365	1091.5205	1949.068	2885.2769	25.131012	14.371518	59.004547	69.40605	10.963018	14.801401
No	SS4_RA4_01_7308	519.2239	0.0	55.50949	107.03869	0.0	466.66385	0.0	3.15003	520.195	4408.8276	16.789906	264.4965	795.1558	3412.2402	3402.5461	3756.406	118.949585	84.83451	167.07718	180.60812	9.318308	0.0
No	SS24_RB12_01_7332	823.61145	0.0	0.0	70.684875	0.0	316.59116	0.0	0.0	318.76605	2372.4773	2.6255608	258.12903	384.64474	787.4346	2504.839	2012.1669	43.9576	29.416143	78.2418	78.14495	0.0	0.0
No	SS28_RC4_01_7337	0.0	0.0	0.0	20.467682	0.0	209.9085	0.0	0.0	271.94147	2881.0784	0.0	302.9655	432.23526	908.186	2610.1433	2863.7903	4.414478	0.0	55.101048	66.439835	3.1123877	0.0
No	SS47_RD11_01_7358	392.9506	0.0	45.405056	103.693634	0.0	359.6054	67.855865	0.0	396.0279	3796.838	2.6148148	360.10974	494.39972	1074.8158	2698.8987	3405.7305	38.267822	56.16036	103.57861	108.77288	7.0823116	3.095405
No	SS26_RC2_01_7335	744.2293	37.166187	66.859726	72.74726	0.0	546.09344	61.68907	32.43358	745.0046	2274.087	43.257744	89.84874	977.63605	481.36963	2759.4048	1424.6079	104.03008	217.88023	92.29491	70.87069	8.389486	3.804676
No	SS19_RB7_01_7327	439.36432	0.0	36.052498	139.14592	0.0	362.24966	57.436634	0.0	447.34814	3213.8396	0.0	292.02075	676.23236	1417.5046	3076.6409	2845.3396	37.428368	41.294857	103.32064	122.92856	6.8745713	0.0
No	SS49_RE1_01_7361	0.0	0.0	11.77109	13.215546	0.0	154.24461	40.312435	0.0	189.49883	1440.9431	0.0	85.99852	257.59018	300.92468	1380.6317	1665.389	5.842743	26.479918	91.511955	104.347145	0.0	3.1696901
No	SS23_RB11_01_7331	46.778576	0.0	0.0	38.970375	0.0	75.37936	0.0	0.0	0.0	889.3838	0.0	31.233736	158.80568	562.5795	913.15515	687.4118	3.7463307	7.000582	35.553978	38.78375	0.0	0.0
No	SS1_RA1_01_7303	121.8497	0.0	27.977736	63.859985	0.0	243.06068	45.52833	0.0	307.13254	2657.55	2.529822	233.18347	361.84918	431.2041	2324.3032	2821.7915	12.716352	23.828676	71.67192	68.77066	3.843755	0.0
No	SS7_RA7_01_7313	1422.5826	0.0	0.0	76.56265	0.0	170.08801	15.67997	0.0	0.0	355.05255	45.86643	11.430412	404.57117	541.5062	273.51642	127.18852	54.176907	392.6339	28.49057	12.7519045	51.867973	81.44999
No	SS9_RA9_01_7315	328.24557	0.0	0.0	44.56147	0.0	174.48044	0.0	0.0	198.41696	2176.8643	0.0	69.78128	318.23206	1422.5895	1797.5383	2184.6277	11.85046	21.106798	76.499596	93.96538	0.0	0.0
No	SS35_RC11_01_7344	0.0	0.0	0.0	2.453494	0.0	160.45995	46.9171	0.0	206.14742	835.51843	0.0	54.021408	287.7905	91.76077	1236.078	1362.3284	13.965564	16.654799	64.13181	117.05587	2.5643444	5.1738605
No	SS6_RA6_01_7310	256.408	0.0	37.96332	40.47209	0.0	397.02786	0.0	27.327662	428.95407	3348.6726	8.446482	298.97818	621.37537	644.88464	2608.0718	2799.2476	66.326416	37.37998	103.21008	130.05447	5.556942	0.0
No	SS10_RA10_01_7316	349.66486	0.0	19.430374	258.7347	0.0	431.42172	0.0	0.0	502.67694	4017.815	6.3045993	382.09372	625.1311	1279.6345	3684.6006	3250.8271	12.590372	19.379496	114.76092	143.02965	4.8483024	3.012836
No	SS143_RE2_01_7471	0.0	0.0	0.0	0.0	0.0	16.305925	0.0	0.0	0.0	118.244484	0.0	2.6329732	36.874146	0.0	168.36295	202.69537	2.982334	8.775166	10.771073	13.215485	0.0	0.0
No	SS121_RC4_01_7447	0.0	0.0	395.2127	0.0	0.0	355.01712	241.0112	0.0	508.4877	1058.8452	12.033724	38.63144	680.75385	0.0	1690.9099	694.7684	298.06622	146.81516	58.819283	57.753258	0.0	0.0
No	SS155_RF2_01_7487	0.0	0.0	0.0	0.0	0.0	6.992465	0.0	0.0	0.0	122.92084	0.0	0.0	16.895813	0.0	118.21428	211.49725	0.0	0.0	0.0	0.0	0.0	0.0
No	SS156_RF3_01_7488	0.0	0.0	119.86616	44.061417	0.0	703.6539	125.65697	0.0	788.4885	6352.354	3.4043732	379.58804	1816.5062	3675.8594	7339.4473	5000.926	63.58893	60.99637	134.62299	249.33423	3.3473833	9.785028
No	SS178_RH1_01_7511	45.955055	0.0	44.758053	36.623154	0.0	404.79486	60.80956	7.4255676	323.30206	2778.7957	32.09252	298.77948	453.80823	3514.546	2478.5513	3728.0916	29.913797	38.34879	69.088936	173.77301	12.237485	4.082773
No	SS145_RE4_01_7473	856.98047	0.0	331.61176	88.62362	498.60815	3035.4062	430.00024	0.0	2602.663	12349.063	1575.5029	739.8611	3024.5999	4632.529	10864.771	8319.236	2568.5251	804.76917	517.31335	477.1947	7.5552616	15.118882
No	SS112_RB7_01_7437	28.328915	0.0	146.56645	3.9348006	0.0	1658.1731	90.31572	33.509468	2467.9902	4976.5312	7.5931635	319.28528	2316.021	208.23447	8921.972	2785.618	77.15784	216.62424	163.33936	183.63063	4.3415112	0.0
No	SS159_RF6_01_7491	348.3102	0.0	288.4329	51.154205	24.712421	951.7904	468.95517	0.0	1021.2647	7209.19	86.65323	594.19293	925.73663	3290.1948	7125.123	10044.169	591.24945	268.29782	321.72845	478.5196	4.863835	4.5661454
No	SS158_RF5_01_7490	383.8961	0.0	263.98428	64.894745	0.0	490.88898	588.0755	0.0	518.4983	4072.7903	113.56622	372.99203	435.54144	2429.0671	3543.9595	4251.4126	729.1859	172.85187	171.26295	249.12732	8.310066	4.089813
No	SS165_RF12_01_7498	421.38275	0.0	0.0	53.686577	0.0	425.79056	30.125055	0.0	391.0842	4696.5557	0.0	364.67032	738.42303	2366.2695	4213.8677	4109.1943	8.637814	7.509718	197.00426	216.98457	3.054823	0.0
No	SS175_RG10_01_7508	281.1391	308.18546	87.21296	12.094585	67.87557	2409.5322	96.1754	0.0	2788.4492	4618.349	577.09235	138.65524	1863.6537	1444.632	4947.8105	2596.3787	1188.0609	651.46045	154.9682	116.43956	4.1553283	3.2544394
No	SS161_RF8_01_7493	597.4337	0.0	321.29965	55.19833	0.0	958.8296	279.15408	0.0	955.07855	6313.539	75.061676	463.4983	1116.1718	3184.3677	4826.1494	4599.3423	284.88925	152.52121	142.0895	214.6572	3.221386	0.0
No	SS184_RH7_01_7521	38.290783	0.0	28.504686	5.2889266	0.0	560.8324	0.0	0.0	632.1905	2700.8223	9.31514	265.81357	869.0339	3387.516	3111.1758	1952.2365	77.65486	96.82245	95.96695	117.51559	2.672935	0.0
No	SS201_RB3_01_7544	33.722633	0.0	0.0	0.0	0.0	149.5589	33.55242	0.0	148.6201	808.112	4.0003633	119.20794	297.05084	183.67386	1420.8837	749.7033	10.07586	13.1603775	52.533012	72.398964	0.0	3.6316872
No	SS167_RG2_01_7500	0.0	0.0	159.02628	87.048874	0.0	593.5216	70.49286	5.8518543	642.2692	5007.8706	4.356022	317.1206	1246.7306	1951.0804	5953.9277	3649.011	43.333515	46.677586	141.29141	203.34683	3.3669853	3.7247486
No	SS170_RG5_01_7503	337.99643	0.0	123.62134	79.0807	0.0	689.68115	89.67319	5.2887444	594.5384	4750.359	4.2328043	490.14462	893.09705	2933.672	4917.115	4996.6187	11.251831	77.06827	212.17914	310.32776	3.63839	3.3108668
No	SS166_RG1_01_7499	36.367832	0.0	66.43883	30.146736	0.0	709.74677	78.04976	97.59086	656.912	5345.4253	3.6034672	423.0764	1099.4402	2983.9065	5285.7676	4781.846	29.061094	18.857788	148.55832	228.62923	2.8874536	3.8220334
No	SS206_RB8_01_7549	0.0	0.0	0.0	0.0	0.0	40.223297	0.0	0.0	0.0	357.315	0.0	31.776463	35.96551	0.0	461.6864	267.7395	3.1914787	3.2608159	0.0	0.0	0.0	0.0
No	SS186_RH9_01_7523	868.35675	0.0	121.04966	68.99299	0.0	1016.6334	832.4511	2.8145576	1329.5244	4959.7715	42.236572	342.13727	1334.8508	2398.4292	8045.415	3172.5352	586.4221	404.81503	378.74277	244.54128	3.0674	3.6632159
No	SS164_RF11_01_7496	386.0866	0.0	182.94545	154.37611	26.304472	1649.4437	179.4154	0.0	1994.1838	9213.81	7.2941675	588.27216	2491.2537	3354.2747	9713.733	6728.6387	47.944443	97.59937	255.49034	374.34747	3.5367424	6.5793953
No	SS185_RH8_01_7522	533.23145	0.0	91.23241	51.236366	0.0	1089.6123	172.83968	0.0	1497.2118	5988.4424	21.58255	460.26	1796.6433	2852.677	9275.869	3871.603	133.75003	182.26274	307.5005	305.1384	3.1160746	3.4825602
No	SS200_RB2_01_7543	0.0	0.0	49.1345	2.7909808	0.0	288.51575	48.068985	0.0	404.33597	1364.5852	2.766388	373.07675	766.85626	1093.7059	2548.017	1017.4966	48.23011	44.998627	67.472046	57.259903	0.0	0.0
No	SS217_RC7_01_7561	485.83856	1664.6014	74.715294	8.204985	229.806	2626.2786	163.98053	0.0	1702.3049	2948.9785	703.3903	151.28023	755.0691	42.32039	2857.5417	1779.0507	810.72455	227.57751	88.96806	14.839712	4.227027	2.6925266
No	SS218_RC8_01_7562	0.0	0.0	0.0	3.092578	41.64433	611.19824	139.78136	0.0	760.8256	1786.3687	11.43499	262.88425	905.0941	0.0	1922.0045	1201.9963	49.00782	245.91093	30.724907	73.894066	9.5469475	4.900268
No	SS192_RA6_01_7534	76.51233	0.0	54.49102	22.174374	0.0	792.00977	91.42227	0.0	882.50397	4730.627	5.2052455	364.76657	1109.0024	1460.2408	5443.4824	3815.1035	36.9781	52.068626	152.57263	190.40881	3.2184741	3.86551
No	SS203_RB5_01_7546	0.0	0.0	0.0	11.81567	0.0	198.40048	27.08467	0.0	258.28937	1722.7845	0.0	66.505325	369.2144	561.62103	1831.1208	1921.3646	6.1554437	15.699222	68.61131	47.19787	8.974314	3.7873192
No	SS193_RA7_01_7535	16.73225	0.0	0.0	14.106207	49.727264	349.00156	24.6196	0.0	298.00006	2490.1045	8.741786	308.3006	331.8037	0.0	2150.816	2611.708	53.06006	47.041756	51.226532	68.92206	7.345929	5.343487
No	SS212_RC2_01_7556	37.993744	0.0	12.832079	12.068719	0.0	215.10315	0.0	0.0	0.0	1440.2794	0.0	72.60883	307.1239	1395.9541	1157.6283	1679.6841	11.113126	3.5029216	31.407412	26.584515	3.6102076	8.980396
No	SS168_RG3_01_7501	0.0	0.0	69.549065	58.180862	0.0	440.82132	45.845314	13.186942	490.4383	5192.2	3.3533916	323.09082	1023.347	4174.135	5462.956	3787.0388	8.043701	20.411701	126.49054	200.72343	5.769375	7.01191
No	SS194_RA8_01_7536	147.36111	0.0	0.0	58.392372	0.0	87.93289	0.0	0.0	0.0	515.79706	0.0	13.513393	59.524055	196.12054	272.943	704.64386	0.0	0.0	98.09928	207.50325	0.0	0.0
No	SS173_RG8_01_7506	37.84751	0.0	148.09381	40.70752	0.0	1098.4698	290.72104	2.5456858	1765.084	5990.707	57.708878	228.56035	2482.0005	3266.6267	8242.151	4450.91	603.8863	267.00266	213.71225	191.05582	3.9512453	6.558032
No	SS205_RB7_01_7548	39.85515	0.0	0.0	92.403824	0.0	191.27481	0.0	13.7395735	127.317444	1950.1582	2.5632095	107.34752	307.65286	1837.4133	1608.3564	1977.1522	0.0	2.6144874	66.898506	64.49549	9.412226	2.8156018
No	SS177_RG12_01_7510	498.03046	0.0	58.602592	46.86958	27.88279	900.6272	72.60887	0.0	734.1429	6823.617	6.255684	434.9388	1178.5967	4026.8293	5743.127	5751.256	35.17251	56.92609	222.70958	386.4301	7.0605583	5.29739
No	SS202_RB4_01_7545	8.496731	0.0	23.941082	0.0	0.0	222.45718	40.896008	0.0	281.3211	1203.909	15.323307	231.11357	299.3347	599.6994	2050.5718	1348.1453	29.490273	31.245178	63.24837	89.501495	3.9001403	3.5700917
No	SS190_RA4_01_7532	85.38155	0.0	21.730272	6.89149	0.0	950.3784	48.49146	0.0	831.36444	6099.817	12.381625	486.97678	610.9624	1582.3915	6343.443	3796.674	48.745476	42.676296	148.73465	235.78319	3.1121864	6.5879145
No	SS176_RG11_01_7509	1073.029	0.0	30.079037	63.24643	29.174845	888.0066	0.0	0.0	813.56604	6227.529	24.5028	428.0459	768.03766	2454.0962	4897.4844	4336.925	78.26159	57.35917	182.37976	221.63673	2.6196213	2.717507
No	SS174_RG9_01_7507	275.96017	0.0	57.80429	52.30731	0.0	1022.74457	99.74402	0.0	926.12067	5034.3115	40.328716	363.27716	1212.984	2334.3198	4896.1465	4629.197	134.4307	142.62247	192.91052	203.02425	4.20883	7.775073
No	SS207_RB9_01_7550	0.0	0.0	211.91156	0.0	0.0	205.039	143.75291	0.0	278.01065	1001.55225	39.098293	184.87964	153.70209	221.25583	1214.584	858.47766	182.44821	129.33698	90.627365	113.28503	4.8868904	7.056552
No	SS183_RH6_01_7520	28.698334	0.0	84.60886	40.25637	0.0	892.16	85.17102	0.0	1014.264	5141.889	18.490368	374.11	1229.6702	2901.3093	5981.275	2875.6606	58.427547	77.2072	173.22531	216.93687	3.4388418	5.1830645
No	SS172_RG7_01_7505	839.6808	0.0	437.61746	165.4051	0.0	839.84064	379.74405	0.0	832.32385	7827.6167	59.885113	736.6382	960.174	3301.3506	5605.214	5598.369	383.15784	147.32565	379.27222	324.56006	6.94049	5.2755423
No	SS160_RF7_01_7492	0.0	0.0	153.13278	0.0	0.0	1518.4065	155.3391	0.0	1577.5328	9123.092	19.276873	470.6295	2300.6565	3005.7668	9754.233	5403.222	61.487885	66.410324	207.24315	335.05377	10.331871	2.845634
No	SS139_RD10_01_7466	0.0	0.0	25.11785	18.129107	0.0	501.85455	0.0	0.0	584.6803	4262.18	23.479868	262.79633	1100.0188	2107.7507	4971.1353	3570.8735	31.349821	39.3246	139.0334	267.2927	3.072966	0.0
No	SS93_RH9_01_7410	868.14655	0.0	404.1107	75.877785	25.965836	1866.1976	399.42035	2.9004214	2810.5422	8759.57	101.57407	493.0939	3092.0059	1860.7528	8990.284	5634.569	701.81866	223.30733	286.61038	370.23773	8.066495	5.9553375
No	SS126_RC9_01_7452	354.06042	0.0	69.953766	21.000328	0.0	636.24677	64.742714	5.9892526	738.8389	4171.0005	6.9723015	321.1034	1285.1881	3834.3008	4063.0957	3272.4275	35.48505	68.13729	158.16243	217.09929	3.6500454	0.0
No	SS119_RC2_01_7445	88.45187	0.0	31.484406	98.10429	0.0	670.0396	34.472626	0.0	562.09326	7151.387	0.0	476.7318	1002.01434	2493.8193	6785.0938	6215.433	3.2090607	2.9957352	210.41273	196.92075	0.0	0.0
No	SS128_RC11_01_7454	657.7206	0.0	253.73453	69.880264	225.02257	2092.844	767.525	0.0	2730.8672	6897.1304	744.58966	404.70438	1585.5713	2361.2822	6252.6377	4291.283	1237.4095	499.01312	411.83466	342.61887	10.942368	2.7071733
No	SS110_RB5_01_7435	69.44975	0.0	119.708725	65.719955	0.0	320.7255	177.32597	0.0	394.68903	3061.3904	46.328987	291.14246	745.6149	2934.3608	3219.5488	3356.0774	436.3996	135.00005	138.81018	184.25932	10.835203	3.8247118
No	SS132_RD3_01_7459	223.13702	0.0	52.80486	63.359432	0.0	532.3786	22.67943	0.0	560.54724	4952.7837	2.6693716	368.0541	909.3998	3907.603	4478.671	4683.213	3.8045597	18.634201	201.95975	254.04417	2.6681533	0.0
No	SS131_RD2_01_7458	63.487324	0.0	93.64935	10.224667	0.0	313.84357	103.69695	0.0	394.71347	4194.0205	8.625652	401.73196	382.84708	3459.4592	636.05786	5167.221	30.074173	28.536089	157.67923	250.14546	11.766006	5.8308687
No	SS134_RD5_01_7461	278.46893	0.0	60.29093	56.808044	0.0	946.2232	115.213776	50.686005	866.7585	3805.8975	44.709385	317.52646	1551.4524	1352.9379	4800.4106	4618.948	285.88098	184.85654	160.69604	213.4879	4.2522473	0.0
No	SS113_RB8_01_7438	200.82686	0.0	186.1095	41.619987	0.0	877.49023	262.37317	0.0	1254.5039	4353.1396	41.450768	307.60535	1620.0566	2832.6938	5651.891	2812.3682	340.94476	146.79263	164.97139	187.66911	0.0	3.0239968
No	SS169_RG4_01_7502	336.3371	0.0	332.88785	28.701302	0.0	911.3085	250.9042	14.415747	1096.5049	4403.344	5.011928	518.24396	796.15393	2676.3696	6306.871	4580.964	99.57043	322.8617	214.91896	313.5037	3.575409	4.0075345
No	SS101_RA8_01_7425	253.52658	0.0	237.60417	24.632496	313.77615	2595.3567	253.7997	0.0	2667.8057	4145.3364	787.29346	88.84598	2558.028	909.6105	4672.224	1620.2307	847.3376	747.82294	204.07668	151.27599	3.3108668	4.452997
No	SS154_RF1_01_7486	11.022241	0.0	0.0	0.0	0.0	243.67339	0.0	2.6184196	195.97456	1754.3391	0.0	100.43339	322.88565	0.0	2321.6484	1950.2365	17.575693	3.2790327	47.717815	127.846176	3.4485173	3.215478
No	SS98_RA5_01_7422	837.405	0.0	124.564606	103.375275	27.633402	831.5806	247.9403	0.0	1044.9926	4585.055	118.1373	529.62915	994.4231	743.36163	5690.546	3595.601	1679.7966	497.22488	181.95007	157.33963	3.863741	10.495714
No	SS94_RA1_01_7418	307.373	0.0	201.20712	22.850483	0.0	545.0635	127.24516	0.0	651.03656	2374.2322	65.22243	108.275696	840.2088	1325.9847	2407.083	1804.211	610.00256	149.89906	106.731346	89.153175	0.0	0.0
No	SS133_RD4_01_7460	10.02279	0.0	66.27229	4.2494574	0.0	321.06216	51.86947	0.0	493.2641	1267.9949	3.891505	85.15128	726.0713	193.85297	2378.8115	1571.7548	47.28694	49.803665	71.18624	105.58062	13.448537	3.0171297
No	SS100_RA7_01_7424	324.2469	0.0	122.218124	23.08178	33.316013	1550.507	129.51099	0.0	2150.1404	7955.36	87.10142	496.14166	3286.4355	1887.764	8923.248	4848.612	570.4654	302.6408	238.4442	223.57259	3.8072715	2.8821797
No	SS127_RC10_01_7453	163.44086	0.0	127.35057	4.848737	0.0	1025.1089	75.393	0.0	1344.2838	6964.1904	13.969545	464.5662	1726.8839	3882.7764	8454.63	4773.744	50.736984	98.6679	250.81923	329.19534	2.7105803	0.0
No	SS111_RB6_01_7436	476.59888	0.0	154.93259	35.43974	0.0	1517.7144	195.68706	0.0	1746.3472	8065.5615	5.152256	483.58975	2765.6301	3210.066	8807.754	5362.9175	83.48248	90.8889	410.18826	422.7504	3.3352103	6.4816766
No	SS129_RC12_01_7455	149.05258	0.0	309.5491	39.77575	0.0	1431.6073	235.13237	0.0	1819.9573	6309.49	18.084652	367.7359	1401.5347	1918.7108	7568.0444	3592.8235	718.1655	320.79327	328.222	325.3473	6.501287	0.0
No	SS171_RG6_01_7504	128.75092	0.0	192.08183	13.701187	0.0	752.2136	216.0256	2.748703	939.18787	3469.0881	12.74781	361.70343	1233.6809	1304.0322	5316.986	3191.9082	54.09024	124.70043	199.1639	245.89165	5.3095055	5.11467
No	SS137_RD8_01_7464	741.57294	0.0	0.0	14.858042	0.0	1430.781	46.670807	0.0	1580.4664	7737.0674	18.605888	314.84305	1903.3369	2387.3235	2167.8684	5122.8843	110.94079	157.8948	249.87805	428.92773	5.925745	3.7077255
No	SS130_RD1_01_7457	71.277664	0.0	89.13754	7.9678636	0.0	721.51184	102.14494	0.0	904.0308	4449.5	6.8379006	416.59357	1257.7576	1801.5671	5076.9673	3232.582	49.878815	115.168594	134.17076	218.57237	6.9241357	4.186888
No	SS135_RD6_01_7462	243.23842	0.0	35.30815	19.030676	0.0	1309.6132	18.503628	0.0	1274.1593	8580.854	4.2339973	616.69293	2234.3865	2107.2168	10884.369	6802.9204	23.168858	56.627213	226.69672	375.12857	14.112413	0.0
No	SS162_RF9_01_7494	129.17226	0.0	599.6292	12.682542	32.5448	926.73566	540.3926	0.0	1277.3862	3563.7898	85.47588	287.82446	1720.1216	379.44296	5148.3447	2826.4546	806.8887	300.81882	152.45227	148.40369	6.9635267	5.4535513
No	SS136_RD7_01_7463	147.24698	0.0	859.3026	17.657219	112.81739	3312.9104	211.3462	0.0	3541.7869	10028.9	698.50903	567.53906	3866.3318	2307.862	11767.448	6035.7188	1734.1918	888.6799	528.459	399.28537	3.157248	2.9362593
No	SS116_RB11_01_7441	122.49481	0.0	108.300934	46.798244	0.0	1400.8608	50.502235	13.006323	1467.0518	8808.724	5.156728	584.90283	2368.0215	3445.0771	8042.2407	6869.384	43.322655	70.57804	317.196	394.62607	7.2850723	0.0
No	SS144_RE3_01_7472	81.96182	0.0	65.5755	35.84626	97.75605	947.26404	288.91174	0.0	1236.0957	2848.3228	1192.8904	222.33405	1186.3124	3120.9832	4906.6606	2383.5845	2259.5398	748.7566	177.16335	155.03247	3.4953108	3.7475138
No	SS147_RE6_01_7475	11.731464	0.0	1219.9199	0.0	0.0	1299.9999	729.48346	11.539897	1821.4908	3821.5168	105.48957	358.35327	1326.5599	751.43616	4461.607	2709.2156	2988.435	592.1156	316.1547	297.07928	8.387328	4.164857
No	SS153_RE12_01_7484	11.518465	0.0	597.1451	4.305513	0.0	704.4427	312.6535	0.0	1216.1626	2032.8337	47.926647	78.675224	1512.7693	91.12583	3555.136	1099.9811	411.2793	201.77	148.36784	112.506004	4.159095	0.0
No	SS115_RB10_01_7440	125.05667	0.0	257.82098	21.190763	0.0	1432.1677	155.16095	0.0	1674.4862	6196.8735	76.86023	395.70786	2000.711	2551.6655	7768.2715	3742.8586	445.28528	142.37036	230.27719	213.45491	0.0	3.8149738
No	SS163_RF10_01_7495	96.57018	0.0	60.087738	3.8560297	0.0	493.751	37.14841	8.159926	382.8091	2296.0835	8.693874	255.82523	483.11108	1488.6624	2612.953	2895.1262	35.955864	40.864918	83.93155	192.42508	10.63316	5.99117
No	SS146_RE5_01_7474	64.118034	0.0	393.6166	5.465001	0.0	982.1022	203.74362	6.601364	978.68134	2901.9077	40.07058	237.78577	771.0572	1422.5243	2987.9768	2494.8484	253.98204	173.65501	224.94298	253.74068	11.271233	2.6062026
No	SS114_RB9_01_7439	382.1851	0.0	175.54752	30.323124	0.0	986.15497	175.53023	2.5265594	1166.3016	5011.083	36.763256	327.509	1002.8639	3536.97	5795.381	3918.5588	301.76074	80.06497	183.37622	213.69817	0.0	16.53822
No	SS157_RF4_01_7489	22.354534	0.0	32.502182	17.34301	0.0	95.98567	32.878555	0.0	0.0	1007.75006	2.6414084	56.21108	232.79868	1459.3413	1458.7568	1392.2538	3.5820966	0.0	26.248806	79.591446	3.1376038	0.0
No	SS125_RC8_01_7451	0.0	0.0	55.837303	11.924578	0.0	653.1136	46.611256	2.801466	877.39435	6178.238	2.6753883	351.87952	1146.2085	3538.523	7109.9893	4114.1934	12.588591	23.763405	164.8836	236.20164	6.159934	2.7486668
No	SS118_RC1_01_7444	59.457504	0.0	0.0	14.332518	0.0	352.98315	76.419266	0.0	445.0066	3237.8013	0.0	256.96814	623.715	5229.842	2171.4136	2611.3906	22.873812	17.26416	112.9648	144.7124	0.0	0.0
Yes	SS434_RF2_01_7807	3068.0845	0.0	371.322	2935.803	272.23376	1974.5798	693.4261	108.344086	1134.3173	3540.019	1261.5931	237.83723	1487.8629	1460.1503	2771.8975	1467.544	7464.494	277.01062	528.60406	291.05548	5.7394457	0.0
Yes	SS448_RG4_01_7822	1253.6764	0.0	310.8591	5967.4053	290.4284	2423.7046	655.84045	69.72639	1536.587	1351.4614	929.25037	12.722765	677.287	194.5159	369.9812	415.76382	3445.2446	701.47943	176.26254	16.103235	4.243216	3.4826057
Yes	SS436_RF4_01_7809	3135.228	0.0	259.38977	3231.2502	384.23746	3656.3813	295.1036	8.6732235	1901.5897	3984.9163	1085.102	315.46304	1470.3677	1068.3357	3456.7307	2045.4285	292.03668	425.59848	425.73984	247.00613	0.0	2.9043639
Yes	SS451_RG7_01_7825	1637.0541	0.0	181.35757	6738.1733	271.2089	1160.2645	402.10046	0.0	947.41156	1063.3856	1276.1891	23.77652	462.0361	811.12976	636.2064	443.71417	3617.0022	472.11078	36.114292	3.8619213	0.0	0.0
Yes	SS446_RG2_01_7820	1252.5194	0.0	29.933558	4275.96	89.24772	183.081	0.0	0.0	0.0	509.80994	948.0941	2.815888	46.607243	0.0	22.283974	244.18784	4115.6924	51.440704	3.6383152	11.40365	2.958426	0.0
Yes	SS443_RF11_01_7816	1115.5619	0.0	154.09406	2300.8833	132.67516	3961.2395	391.67197	8.339201	2792.7598	6663.2617	1751.2639	414.4636	2091.522	118.38331	4785.7476	5101.637	7904.111	1257.8251	323.39572	203.5166	13.140364	8.396185
Yes	SS441_RF9_01_7814	1108.5645	0.0	490.49863	3395.8555	1049.059	16498.115	1129.5502	2.561516	10156.81	17699.719	1688.6414	851.6673	9560.534	242.04774	17167.066	7301.2437	7367.834	1833.6986	928.8448	348.76395	5.5089765	23.391151
Yes	SS435_RF3_01_7808	3168.091	0.0	337.68402	5206.5273	498.14807	4937.5063	880.64453	7.8991833	2544.9817	3364.091	1108.9243	104.552826	1072.9993	591.319	1188.2012	1522.4229	7437.082	800.15295	482.7285	111.47318	2.832716	14.952202
Yes	SS445_RG1_01_7819	1933.8065	0.0	78.10173	4018.327	372.41925	2990.1091	605.8393	47.274796	1946.48	2643.0696	1400.2001	105.626564	1243.6428	246.90056	2036.5212	615.3067	4695.303	894.5146	353.6922	50.46843	4.0200577	3.499237
Yes	SS450_RG6_01_7824	7442.4453	0.0	159.68092	10938.257	118.99585	538.48413	74.77868	0.0	0.0	499.55014	1081.5	0.0	278.30838	73.33728	281.05197	135.20627	3876.9182	228.14987	8.142193	2.7520041	3.1178942	2.863759
Yes	SS447_RG3_01_7821	2768.331	0.0	232.61224	4379.444	78.925514	1009.47656	277.50107	0.0	640.5748	632.77747	805.4693	6.8514557	311.3669	255.06879	619.1025	41.60995	1133.6825	137.20435	95.69211	3.3878253	0.0	0.0
Yes	SS444_RF12_01_7817	2079.987	0.0	288.965	2661.2844	251.36195	5328.294	152.75821	0.0	4330.1133	7265.9634	1608.5634	276.53885	3010.5469	100.05169	8222.151	3467.5642	5850.547	1949.8157	746.5596	166.27917	4.1094103	4.635497
Yes	SS429_RE9_01_7801	928.209	0.0	402.51123	114.58933	394.16656	5780.22	472.67355	22.381804	3276.1426	4476.17	1824.5706	307.51978	1991.9291	349.25537	3125.2036	3124.5483	7079.888	756.2457	467.9228	229.92511	4.152549	7.3450155
Yes	SS449_RG5_01_7823	944.6924	0.0	28.083603	1925.0835	0.0	15.122553	0.0	0.0	0.0	0.0	404.88684	0.0	9.704987	239.19475	0.0	0.0	1518.4692	20.078487	0.0	0.0	0.0	0.0
Yes	SS442_RF10_01_7815	187.9812	0.0	219.81554	1685.2383	330.0166	4274.5425	432.92593	22.206173	2980.117	4527.2017	1819.7472	66.219734	1972.4819	234.53114	1506.4862	1648.5309	2904.545	1329.6097	329.76233	27.586903	4.6881027	4.157138
Yes	SS431_RE11_01_7803	6296.007	0.0	313.91953	5705.0205	403.3428	1253.8622	475.4632	178.77377	617.77936	876.2569	1606.3385	26.966034	614.6517	560.7122	530.2408	366.50723	259.64798	515.98706	158.12456	39.356075	0.0	2.5867925
Yes	SS433_RF1_01_7806	5247.618	0.0	271.62314	2846.1172	457.4056	5076.4243	917.1283	243.61554	2544.0894	4248.335	1033.1409	264.6216	1694.3578	897.71295	4054.3054	1674.9425	242.13339	771.36285	559.0998	157.3375	0.0	4.195918
Yes	SS426_RE6_01_7798	836.049	0.0	186.85495	155.42506	696.96893	3989.1787	346.43292	84.83792	3071.1301	5052.909	1966.5673	505.0741	2103.6702	492.96027	3540.1646	2794.8528	5075.8794	628.31805	278.8922	116.209305	3.8037834	6.582298
Yes	SS440_RF8_01_7813	5103.8916	0.0	133.00641	6952.2974	114.38382	525.8894	117.737465	0.0	258.90628	350.77112	449.52896	0.0	254.56496	131.10149	223.12793	106.0578	584.6444	167.22012	15.826743	2.2310307	0.0	0.0
Yes	SS438_RF6_01_7811	1966.8301	0.0	194.26965	1252.9165	366.2532	4142.107	540.8876	237.63634	2060.826	3454.1008	719.71106	156.80667	1172.1528	452.68652	793.0939	1731.1805	4684.6514	760.33417	535.78577	89.879105	3.532759	0.0
Yes	SS428_RE8_01_7800	446.06024	0.0	188.13562	58.716602	244.25452	3252.9082	314.13986	3.662447	2002.483	4502.4995	1355.4204	392.04105	1307.878	164.51071	3594.829	3139.0408	4657.4937	456.12415	196.33228	89.88547	0.0	3.207634
Yes	SS432_RE12_01_7804	1185.5847	0.0	199.04044	1397.9391	128.00127	643.99927	106.00235	0.0	231.524	315.35532	986.6539	0.0	288.39365	0.0	345.39853	75.74853	2912.1304	163.62434	41.52975	0.0	2.6582851	2.4968188
Yes	SS430_RE10_01_7802	503.89124	0.0	155.60776	251.49619	132.88005	1634.6326	206.26239	90.54416	1068.4425	1322.4158	788.965	57.668556	601.7394	452.5546	889.63464	1036.2008	1885.0237	278.76825	141.28488	75.86194	0.0	0.0
Yes	SS427_RE7_01_7799	281.95157	0.0	66.539474	20.717747	141.55447	874.6747	75.0712	5.398446	482.44943	1005.0849	547.2801	46.421364	360.90414	482.5081	638.41455	934.8215	1227.547	127.38139	48.58265	8.98808	0.0	0.0
Yes	SS437_RF5_01_7810	1682.9197	0.0	164.37572	1511.883	234.5433	2721.5696	438.72342	49.31247	1242.0049	3240.4316	944.47015	145.87311	687.32983	753.5841	333.05817	1560.0814	247.18999	367.3082	348.64755	160.27591	2.543316	2.973388
Yes	SS452_RG8_01_7826	1948.6907	0.0	35.595936	7377.3154	39.46437	200.4352	0.0	0.0	0.0	0.0	529.5184	0.0	41.87837	0.0	0.0	0.0	1364.1914	117.18143	2.574943	0.0	0.0	0.0
Yes	SS439_RF7_01_7812	2013.3585	0.0	292.46988	3861.6433	632.86743	5878.133	1292.1105	878.9992	2956.0447	3803.1562	1078.912	77.30183	1411.2529	316.37662	2426.5098	1553.3563	269.38284	1629.6199	687.3736	182.13197	4.1792474	4.9321785
