counts	precmz	delta_mass	delta_mass_r2	delta_MF_final	delta_MF_unique_combination
5	146.11774	-15.99476	-15.99	O-1	O
101	247.16676	85.05426	85.05	C4H7NO	CHNO
2	247.16536	85.05286	85.05	C4H7NO	CHNO
5	247.16641	85.05391	85.05	C4H7NO	CHNO
4	255.13408	93.02158	93.02	C5H3NO	CHNO
8	255.13412	93.02162	93.02	C5H3NO	CHNO
4	255.13379	93.02129	93.02	C5H3NO	CHNO
2	255.13403	93.02153	93.02	C5H3NO	CHNO
2	255.13429	93.02179	93.02	C5H3NO	CHNO
7	266.12195	104.00945	104.01	C4N4	CN
2	266.12219	104.00969	104.01	C4N4	CN
2	267.13336	105.02086	105.02	C6H3NO	CHNO
12	267.13333	105.02083	105.02	C6H3NO	CHNO
2	267.13174	105.01924	105.02	C6H3NO	CHNO
3	267.13449	105.02199	105.02	C6H3NO	CHNO
12	267.13391	105.02141	105.02	C6H3NO	CHNO
2	267.13361	105.02111	105.02	C6H3NO	CHNO
31	267.13406	105.02156	105.02	C6H3NO	CHNO
2	267.13388	105.02138	105.02	C6H3NO	CHNO
2	275.1582	113.0457	113.05	C5H7NO2	CHNO
7	275.15878	113.04628	113.05	C5H7NO2	CHNO
67	275.16	113.0475	113.05	C5H7NO2	CHNO
6	275.15997	113.04747	113.05	C5H7NO2	CHNO
5	275.16013	113.04763	113.05	C5H7NO2	CHNO
6	275.16	113.0475	113.05	C5H7NO2	CHNO
18	275.16	113.0475	113.05	C5H7NO2	CHNO
9	275.16	113.0475	113.05	C5H7NO2	CHNO
6	275.16	113.0475	113.05	C5H7NO2	CHNO
6	275.16	113.0475	113.05	C5H7NO2	CHNO
3	275.16	113.0475	113.05	C5H7NO2	CHNO
2	275.16019	113.04769	113.05	C5H7NO2	CHNO
2	275.1608	113.0483	113.05	C5H7NO2	CHNO
8	289.17532	127.06282	127.06	C6H9NO2	CHNO
11	289.17575	127.06325	127.06	C6H9NO2	CHNO
2	289.17578	127.06328	127.06	C6H9NO2	CHNO
2	289.1792	127.0667	127.07	C6H9NO2	CHNO
2	289.17941	127.06691	127.07	C6H9NO2	CHNO
6	289.17999	127.06749	127.07	C6H9NO2	CHNO
9	289.17999	127.06749	127.07	C6H9NO2	CHNO
64	294.10001	131.98751	131.99	C4H4O3S	CHOS
17	294.10028	131.98778	131.99	C4H4O3S	CHOS
2	294.10016	131.98766	131.99	C4H4O3S	CHOS
5	296.13	134.0175	134.02	C8H3FO	CHFO
40	296.13531	134.02281	134.02	C3H6N2O2S	CHNOS
19	297.18112	135.06862	135.07	C8H9NO	CHNO
20	297.18411	135.07161	135.07	C8H9NO	CHNO
8	301.17511	139.06261	139.06	C7H9NO2	CHNO
2	301.17444	139.06194	139.06	C7H9NO2	CHNO
4	301.17596	139.06346	139.06	C7H9NO2	CHNO
5	301.17578	139.06328	139.06	C7H9NO2	CHNO
5	301.17651	139.06401	139.06	C7H9NO2	CHNO
2	301.17593	139.06343	139.06	C7H9NO2	CHNO
10	301.17999	139.06749	139.07	C7H9NO2	CHNO
2	301.1759	139.0634	139.06	C7H9NO2	CHNO
12	301.17999	139.06749	139.07	C7H9NO2	CHNO
3	301.17999	139.06749	139.07	C7H9NO2	CHNO
3	301.17999	139.06749	139.07	C7H9NO2	CHNO
5	303.20001	141.08751	141.09	C3H13N2O4	CHNO
2	303.20001	141.08751	141.09	C3H13N2O4	CHNO
24	303.20001	141.08751	141.09	C3H13N2O4	CHNO
3	303.20001	141.08751	141.09	C3H13N2O4	CHNO
3	303.20001	141.08751	141.09	C3H13N2O4	CHNO
3	303.20001	141.08751	141.09	C3H13N2O4	CHNO
6	306.13657	144.02407	144.02	C6H8O2S	CHOS
2	306.13568	144.02318	144.02	C6H8O2S	CHOS
8	306.14001	144.02751	144.03	C6H8O2S	CHOS
13	306.13602	144.02352	144.02	C6H8O2S	CHOS
4	306.13596	144.02346	144.02	C6H8O2S	CHOS
2	306.13596	144.02346	144.02	C6H8O2S	CHOS
2	306.13602	144.02352	144.02	C6H8O2S	CHOS
2	306.13623	144.02373	144.02	C6H8O2S	CHOS
2	308.16479	146.05229	146.05	C5H10N2OS	CHNOS
5	314.14062	152.02812	152.03	C8H8OS	CHOS
40	314.14102	152.02852	152.03	C8H8OS	CHOS
2	314.14075	152.02825	152.03	C8H8OS	CHOS
2	314.14093	152.02843	152.03	C8H8OS	CHOS
2	314.14099	152.02849	152.03	C8H8OS	CHOS
3	314.14111	152.02861	152.03	C8H8OS	CHOS
2	315.19254	153.08004	153.08	C8H11NO2	CHNO
4	315.19101	153.07851	153.08	C8H11NO2	CHNO
4	315.19083	153.07833	153.08	C8H11NO2	CHNO
2	315.19165	153.07915	153.08	C8H11NO2	CHNO
18	315.19427	153.08177	153.08	C8H11NO2	CHNO
2	315.19525	153.08275	153.08	C8H11NO2	CHNO
13	315.19547	153.08297	153.08	C8H11NO2	CHNO
10	315.19553	153.08303	153.08	C8H11NO2	CHNO
2	315.19547	153.08297	153.08	C8H11NO2	CHNO
12	315.19595	153.08345	153.08	C8H11NO2	CHNO
2	315.19598	153.08348	153.08	C8H11NO2	CHNO
2	315.19647	153.08397	153.08	C8H11NO2	CHNO
2	316.11835	154.00585	154.01	C7H6O2S	CHOS
3	316.12	154.0075	154.01	C7H6O2S	CHOS
3	316.12	154.0075	154.01	C7H6O2S	CHOS
156	316.12115	154.00865	154.01	C7H6O2S	CHOS
4	316.12119	154.00869	154.01	C7H6O2S	CHOS
3	316.12115	154.00865	154.01	C7H6O2S	CHOS
2	316.1214	154.0089	154.01	C7H6O2S	CHOS
2	316.12674	154.01424	154.01	C7H6O2S	CHOS
2	317.20663	155.09413	155.09	C8H13NO2	CHNO
4	317.20706	155.09456	155.09	C8H13NO2	CHNO
2	317.20999	155.09749	155.1	C8H13NO2	CHNO
12	317.21039	155.09789	155.1	C8H13NO2	CHNO
2	317.21262	155.10012	155.1	C8H13NO2	CHNO
7	317.21069	155.09819	155.1	C8H13NO2	CHNO
2	317.21063	155.09813	155.1	C8H13NO2	CHNO
17	317.21146	155.09896	155.1	C8H13NO2	CHNO
2	317.211	155.0985	155.1	C8H13NO2	CHNO
26	319.16	157.0475	157.05	C10H7NO	CHNO
2451	319.16495	157.05245	157.05	C10H7NO	CHNO
4	319.16541	157.05291	157.05	C10H7NO	CHNO
69	319.16489	157.05239	157.05	C10H7NO	CHNO
24	319.16522	157.05272	157.05	C10H7NO	CHNO
2	319.16528	157.05278	157.05	C10H7NO	CHNO
37	319.17001	157.05751	157.06	C10H7NO	CHNO
2	319.16428	157.05178	157.05	C10H7NO	CHNO
2	319.16428	157.05178	157.05	C10H7NO	CHNO
8	319.16516	157.05266	157.05	C10H7NO	CHNO
15	319.16476	157.05226	157.05	C10H7NO	CHNO
2	319.1644	157.0519	157.05	C10H7NO	CHNO
24	319.16568	157.05318	157.05	C10H7NO	CHNO
2	319.16431	157.05181	157.05	C10H7NO	CHNO
4	319.16495	157.05245	157.05	C10H7NO	CHNO
6	319.1651	157.0526	157.05	C10H7NO	CHNO
2	319.1644	157.0519	157.05	C10H7NO	CHNO
4	319.16492	157.05242	157.05	C10H7NO	CHNO
180	319.16504	157.05254	157.05	C10H7NO	CHNO
2	319.16461	157.05211	157.05	C10H7NO	CHNO
2	319.16464	157.05214	157.05	C10H7NO	CHNO
4	319.16541	157.05291	157.05	C10H7NO	CHNO
2	319.1647	157.0522	157.05	C10H7NO	CHNO
2	319.16464	157.05214	157.05	C10H7NO	CHNO
2	319.16467	157.05217	157.05	C10H7NO	CHNO
2	319.1647	157.0522	157.05	C10H7NO	CHNO
32	319.16492	157.05242	157.05	C10H7NO	CHNO
14	319.16479	157.05229	157.05	C10H7NO	CHNO
2	319.16476	157.05226	157.05	C10H7NO	CHNO
2	319.16479	157.05229	157.05	C10H7NO	CHNO
26	319.1655	157.053	157.05	C10H7NO	CHNO
2	319.16476	157.05226	157.05	C10H7NO	CHNO
2	319.16473	157.05223	157.05	C10H7NO	CHNO
2	319.16473	157.05223	157.05	C10H7NO	CHNO
3	319.16522	157.05272	157.05	C10H7NO	CHNO
2	319.16476	157.05226	157.05	C10H7NO	CHNO
2	319.16483	157.05233	157.05	C10H7NO	CHNO
2	319.16479	157.05229	157.05	C10H7NO	CHNO
2	319.16483	157.05233	157.05	C10H7NO	CHNO
2	319.16486	157.05236	157.05	C10H7NO	CHNO
2	319.16489	157.05239	157.05	C10H7NO	CHNO
2	319.16489	157.05239	157.05	C10H7NO	CHNO
2	319.16486	157.05236	157.05	C10H7NO	CHNO
5	319.16501	157.05251	157.05	C10H7NO	CHNO
3	319.16553	157.05303	157.05	C10H7NO	CHNO
2	319.16492	157.05242	157.05	C10H7NO	CHNO
10	319.16559	157.05309	157.05	C10H7NO	CHNO
2	319.16489	157.05239	157.05	C10H7NO	CHNO
2	319.16498	157.05248	157.05	C10H7NO	CHNO
2	319.16498	157.05248	157.05	C10H7NO	CHNO
18	319.16522	157.05272	157.05	C10H7NO	CHNO
2	319.16492	157.05242	157.05	C10H7NO	CHNO
2	319.16495	157.05245	157.05	C10H7NO	CHNO
2	319.16498	157.05248	157.05	C10H7NO	CHNO
2	319.16498	157.05248	157.05	C10H7NO	CHNO
2	319.16501	157.05251	157.05	C10H7NO	CHNO
2	319.16492	157.05242	157.05	C10H7NO	CHNO
2	319.16492	157.05242	157.05	C10H7NO	CHNO
2	319.16501	157.05251	157.05	C10H7NO	CHNO
7	319.16556	157.05306	157.05	C10H7NO	CHNO
2	319.1651	157.0526	157.05	C10H7NO	CHNO
9	319.16592	157.05342	157.05	C10H7NO	CHNO
2	319.16501	157.05251	157.05	C10H7NO	CHNO
3	319.16568	157.05318	157.05	C10H7NO	CHNO
6	319.16501	157.05251	157.05	C10H7NO	CHNO
2	319.16507	157.05257	157.05	C10H7NO	CHNO
30	319.16528	157.05278	157.05	C10H7NO	CHNO
3	319.16541	157.05291	157.05	C10H7NO	CHNO
2	319.16507	157.05257	157.05	C10H7NO	CHNO
4	319.16522	157.05272	157.05	C10H7NO	CHNO
2	319.1651	157.0526	157.05	C10H7NO	CHNO
2	319.16507	157.05257	157.05	C10H7NO	CHNO
5	319.16541	157.05291	157.05	C10H7NO	CHNO
2	319.16516	157.05266	157.05	C10H7NO	CHNO
2	319.16519	157.05269	157.05	C10H7NO	CHNO
2	319.16516	157.05266	157.05	C10H7NO	CHNO
2	319.16513	157.05263	157.05	C10H7NO	CHNO
2	319.16513	157.05263	157.05	C10H7NO	CHNO
2	319.16519	157.05269	157.05	C10H7NO	CHNO
2	319.16513	157.05263	157.05	C10H7NO	CHNO
2	319.16519	157.05269	157.05	C10H7NO	CHNO
2	319.16513	157.05263	157.05	C10H7NO	CHNO
15	319.16571	157.05321	157.05	C10H7NO	CHNO
2	319.16522	157.05272	157.05	C10H7NO	CHNO
3	319.16541	157.05291	157.05	C10H7NO	CHNO
2	319.16525	157.05275	157.05	C10H7NO	CHNO
2	319.16528	157.05278	157.05	C10H7NO	CHNO
2	319.16522	157.05272	157.05	C10H7NO	CHNO
2	319.16522	157.05272	157.05	C10H7NO	CHNO
2	319.16528	157.05278	157.05	C10H7NO	CHNO
2	319.16522	157.05272	157.05	C10H7NO	CHNO
2	319.16522	157.05272	157.05	C10H7NO	CHNO
2	319.16522	157.05272	157.05	C10H7NO	CHNO
2	319.16528	157.05278	157.05	C10H7NO	CHNO
2	319.16522	157.05272	157.05	C10H7NO	CHNO
2	319.16544	157.05294	157.05	C10H7NO	CHNO
5	319.16534	157.05284	157.05	C10H7NO	CHNO
22	319.16522	157.05272	157.05	C10H7NO	CHNO
2	319.16522	157.05272	157.05	C10H7NO	CHNO
2	319.16522	157.05272	157.05	C10H7NO	CHNO
2	319.16534	157.05284	157.05	C10H7NO	CHNO
2	319.16534	157.05284	157.05	C10H7NO	CHNO
2	319.16531	157.05281	157.05	C10H7NO	CHNO
3	319.16553	157.05303	157.05	C10H7NO	CHNO
6	319.16541	157.05291	157.05	C10H7NO	CHNO
2	319.16547	157.05297	157.05	C10H7NO	CHNO
2	319.1655	157.053	157.05	C10H7NO	CHNO
2	319.16541	157.05291	157.05	C10H7NO	CHNO
2	319.16547	157.05297	157.05	C10H7NO	CHNO
2	319.1655	157.053	157.05	C10H7NO	CHNO
2	319.16547	157.05297	157.05	C10H7NO	CHNO
2	319.16547	157.05297	157.05	C10H7NO	CHNO
2	319.16565	157.05315	157.05	C10H7NO	CHNO
2	319.16553	157.05303	157.05	C10H7NO	CHNO
3	319.16559	157.05309	157.05	C10H7NO	CHNO
2	319.16565	157.05315	157.05	C10H7NO	CHNO
2	319.16568	157.05318	157.05	C10H7NO	CHNO
2	319.16608	157.05358	157.05	C10H7NO	CHNO
2	319.16608	157.05358	157.05	C10H7NO	CHNO
3	319.16647	157.05397	157.05	C10H7NO	CHNO
3	319.17001	157.05751	157.06	C10H7NO	CHNO
3	319.17001	157.05751	157.06	C10H7NO	CHNO
4	323.19638	161.08388	161.08	C10H11NO	CHNO
4	323.19638	161.08388	161.08	C10H11NO	CHNO
4	323.19684	161.08434	161.08	C10H11NO	CHNO
3	324.18924	162.07674	162.08	C9H10N2O	CHNO
169	324.19208	162.07958	162.08	C9H10N2O	CHNO
2	324.19153	162.07903	162.08	C9H10N2O	CHNO
2	324.19162	162.07912	162.08	C9H10N2O	CHNO
25	324.22021	162.10771	162.11	C5H14N4O2	CHNO
2	327.14999	165.03749	165.04	C8H7NO3	CHNO
8	327.15594	165.04344	165.04	C8H7NO3	CHNO
2	327.15485	165.04235	165.04	C8H7NO3	CHNO
12	327.14999	165.03749	165.04	C8H7NO3	CHNO
78	327.15549	165.04299	165.04	C8H7NO3	CHNO
2	327.15424	165.04174	165.04	C8H7NO3	CHNO
48	327.15509	165.04259	165.04	C8H7NO3	CHNO
4	327.15512	165.04262	165.04	C8H7NO3	CHNO
2	327.15506	165.04256	165.04	C8H7NO3	CHNO
2	327.15518	165.04268	165.04	C8H7NO3	CHNO
6	327.15512	165.04262	165.04	C8H7NO3	CHNO
3	327.15552	165.04302	165.04	C8H7NO3	CHNO
2	327.15546	165.04296	165.04	C8H7NO3	CHNO
3	327.16	165.0475	165.05	C8H7NO3	CHNO
2	327.16199	165.04949	165.05	C8H7NO3	CHNO
2	327.16211	165.04961	165.05	C8H7NO3	CHNO
100	329.16998	167.05748	167.06	C8H9NO3	CHNO
12	329.16965	167.05715	167.06	C8H9NO3	CHNO
3	329.17102	167.05852	167.06	C8H9NO3	CHNO
2	329.17001	167.05751	167.06	C8H9NO3	CHNO
2	329.1701	167.0576	167.06	C8H9NO3	CHNO
2	329.17035	167.05785	167.06	C8H9NO3	CHNO
2	329.17117	167.05867	167.06	C8H9NO3	CHNO
2	329.17212	167.05962	167.06	C8H9NO3	CHNO
45	329.17398	167.06148	167.06	C8H9NO3	CHNO
2	329.17371	167.06121	167.06	C8H9NO3	CHNO
2	329.17456	167.06206	167.06	C8H9NO3	CHNO
2	329.17493	167.06243	167.06	C8H9NO3	CHNO
7	329.20325	167.09075	167.09	C9H13NO2	CHNO
2	329.20688	167.09438	167.09	C9H13NO2	CHNO
2	329.20694	167.09444	167.09	C9H13NO2	CHNO
2	329.20718	167.09468	167.09	C9H13NO2	CHNO
2	329.20709	167.09459	167.09	C9H13NO2	CHNO
140	329.21185	167.09935	167.1	C9H13NO2	CHNO
2	329.21127	167.09877	167.1	C9H13NO2	CHNO
2	329.21091	167.09841	167.1	C9H13NO2	CHNO
3	329.20999	167.09749	167.1	C9H13NO2	CHNO
6	329.21088	167.09838	167.1	C9H13NO2	CHNO
2	329.21085	167.09835	167.1	C9H13NO2	CHNO
2	329.21091	167.09841	167.1	C9H13NO2	CHNO
2	329.21194	167.09944	167.1	C9H13NO2	CHNO
2	331.22485	169.11235	169.11	C9H15NO2	CHNO
2	331.22522	169.11272	169.11	C9H15NO2	CHNO
462	331.22751	169.11501	169.12	C9H15NO2	CHNO
2	331.22647	169.11397	169.11	C9H15NO2	CHNO
3	331.22641	169.11391	169.11	C9H15NO2	CHNO
2	331.22708	169.11458	169.11	C9H15NO2	CHNO
2	331.22757	169.11507	169.12	C9H15NO2	CHNO
2	331.228	169.1155	169.12	C9H15NO2	CHNO
14	333.17633	171.06383	171.06	C11H9NO	CHNO
4	333.17978	171.06728	171.07	C11H9NO	CHNO
2	334.22214	172.10964	172.11	C11H12N2	CHN
478	335.15961	173.04711	173.05	C10H7NO2	CHNO
73	335.16037	173.04787	173.05	C10H7NO2	CHNO
18	335.15994	173.04744	173.05	C10H7NO2	CHNO
8	335.16037	173.04787	173.05	C10H7NO2	CHNO
2	335.16089	173.04839	173.05	C10H7NO2	CHNO
94	336.15689	174.04439	174.04	C8H11ClO2	CHClO
6	336.16	174.0475	174.05	C8H11ClO2	CHClO
3	336.15808	174.04558	174.05	C8H11ClO2	CHClO
20	336.19644	174.08394	174.08	C10H10N2O	CHNO
15	337.17166	175.05916	175.06	C10H9NO2	CHNO
810	337.17581	175.06331	175.06	C10H9NO2	CHNO
9	337.17603	175.06353	175.06	C10H9NO2	CHNO
227	337.17554	175.06304	175.06	C10H9NO2	CHNO
2	337.17535	175.06285	175.06	C10H9NO2	CHNO
2	337.17551	175.06301	175.06	C10H9NO2	CHNO
2	337.17554	175.06304	175.06	C10H9NO2	CHNO
52	337.17578	175.06328	175.06	C10H9NO2	CHNO
117	337.17615	175.06365	175.06	C10H9NO2	CHNO
26	337.17584	175.06334	175.06	C10H9NO2	CHNO
3	337.17596	175.06346	175.06	C10H9NO2	CHNO
2	337.17609	175.06359	175.06	C10H9NO2	CHNO
5	337.17612	175.06362	175.06	C10H9NO2	CHNO
3	337.17999	175.06749	175.07	C10H9NO2	CHNO
3	337.17999	175.06749	175.07	C10H9NO2	CHNO
4	338.181	176.0685	176.07	C9H8N2O2	CHNO
106	339.19147	177.07897	177.08	C10H11NO2	CHNO
2	339.19043	177.07793	177.08	C10H11NO2	CHNO
2	339.19131	177.07881	177.08	C10H11NO2	CHNO
4	339.19165	177.07915	177.08	C10H11NO2	CHNO
6	339.19189	177.07939	177.08	C10H11NO2	CHNO
633	341.17035	179.05785	179.06	C9H9NO3	CHNO
2	341.16992	179.05742	179.06	C9H9NO3	CHNO
2	341.17212	179.05962	179.06	C9H9NO3	CHNO
2	341.1702	179.0577	179.06	C9H9NO3	CHNO
3	341.17612	179.06362	179.06	C9H9NO3	CHNO
100	341.20734	179.09484	179.09	C10H13NO2	CHNO
6	341.2077	179.0952	179.1	C10H13NO2	CHNO
2	341.20703	179.09453	179.09	C10H13NO2	CHNO
10	341.20706	179.09456	179.09	C10H13NO2	CHNO
2	341.20715	179.09465	179.09	C10H13NO2	CHNO
7	341.2113	179.0988	179.1	C10H13NO2	CHNO
3	341.21054	179.09804	179.1	C10H13NO2	CHNO
880	342.17346	180.06096	180.06	C10H12OS	CHOS
13	342.17303	180.06053	180.06	C10H12OS	CHOS
5	342.17264	180.06014	180.06	C10H12OS	CHOS
4	342.17282	180.06032	180.06	C10H12OS	CHOS
2	342.17337	180.06087	180.06	C10H12OS	CHOS
4	342.17343	180.06093	180.06	C10H12OS	CHOS
3	342.17999	180.06749	180.07	C10H12OS	CHOS
2	342.23788	180.12538	180.13	C10H16N2O	CHNO
3	342.23816	180.12566	180.13	C10H16N2O	CHNO
5	342.24265	180.13015	180.13	C10H16N2O	CHNO
48	342.24292	180.13042	180.13	C10H16N2O	CHNO
2	342.24301	180.13051	180.13	C10H16N2O	CHNO
482	343.22281	181.11031	181.11	C10H15NO2	CHNO
128	343.23001	181.11751	181.12	C10H15NO2	CHNO
3	343.2225	181.11	181.11	C10H15NO2	CHNO
19	343.22302	181.11052	181.11	C10H15NO2	CHNO
2	343.22253	181.11003	181.11	C10H15NO2	CHNO
12	343.22275	181.11025	181.11	C10H15NO2	CHNO
4	343.2233	181.1108	181.11	C10H15NO2	CHNO
46	343.22293	181.11043	181.11	C10H15NO2	CHNO
2	343.22284	181.11034	181.11	C10H15NO2	CHNO
3	343.2229	181.1104	181.11	C10H15NO2	CHNO
2	343.22299	181.11049	181.11	C10H15NO2	CHNO
2	343.22296	181.11046	181.11	C10H15NO2	CHNO
2	343.2229	181.1104	181.11	C10H15NO2	CHNO
2	343.2229	181.1104	181.11	C10H15NO2	CHNO
2	343.22296	181.11046	181.11	C10H15NO2	CHNO
2	343.2229	181.1104	181.11	C10H15NO2	CHNO
2	343.22308	181.11058	181.11	C10H15NO2	CHNO
2	343.22324	181.11074	181.11	C10H15NO2	CHNO
2	343.22324	181.11074	181.11	C10H15NO2	CHNO
2	343.22324	181.11074	181.11	C10H15NO2	CHNO
2	343.22336	181.11086	181.11	C10H15NO2	CHNO
4	350.17999	188.06749	188.07	C12H12S	CHS
24	350.18646	188.07396	188.07	C11H9FN2	CHFN
29	351.16	189.0475	189.05	C7H11NO3S	CHNOS
370	351.15823	189.04573	189.05	C7H11NO3S	CHNOS
11	351.15692	189.04442	189.04	C7H11NO3S	CHNOS
2	351.15689	189.04439	189.04	C7H11NO3S	CHNOS
2	351.15695	189.04445	189.04	C7H11NO3S	CHNOS
2	351.15753	189.04503	189.05	C7H11NO3S	CHNOS
3	351.16	189.0475	189.05	C7H11NO3S	CHNOS
3	351.15826	189.04576	189.05	C7H11NO3S	CHNOS
2	351.15817	189.04567	189.05	C7H11NO3S	CHNOS
4	351.15823	189.04573	189.05	C7H11NO3S	CHNOS
2	351.15823	189.04573	189.05	C7H11NO3S	CHNOS
2	351.16	189.0475	189.05	C7H11NO3S	CHNOS
7	351.16	189.0475	189.05	C7H11NO3S	CHNOS
2	351.15848	189.04598	189.05	C7H11NO3S	CHNOS
6	351.15863	189.04613	189.05	C7H11NO3S	CHNOS
3	351.16	189.0475	189.05	C7H11NO3S	CHNOS
3	351.16	189.0475	189.05	C7H11NO3S	CHNOS
3	351.16	189.0475	189.05	C7H11NO3S	CHNOS
2	352.19064	190.07814	190.08	C10H10N2O2	CHNO
2	360.21133	198.09883	198.1	C9H14N2O3	CHNO
7	360.21304	198.10054	198.1	C9H14N2O3	CHNO
140	362.23563	200.12313	200.12	C11H20OS	CHOS
2	362.23569	200.12319	200.12	C11H20OS	CHOS
6	362.24017	200.12767	200.13	C11H20OS	CHOS
5	362.2402	200.1277	200.13	C11H20OS	CHOS
2	364.19	202.0775	202.08	C16H10	CH
106	365.17001	203.05751	203.06	C8H13NO3S	CHNOS
42	365.17371	203.06121	203.06	C8H13NO3S	CHNOS
368	365.17429	203.06179	203.06	C8H13NO3S	CHNOS
41	365.17316	203.06066	203.06	C8H13NO3S	CHNOS
2	365.17294	203.06044	203.06	C8H13NO3S	CHNOS
2	365.17307	203.06057	203.06	C8H13NO3S	CHNOS
2	365.17322	203.06072	203.06	C8H13NO3S	CHNOS
8	365.17422	203.06172	203.06	C8H13NO3S	CHNOS
4	365.17386	203.06136	203.06	C8H13NO3S	CHNOS
2	365.17389	203.06139	203.06	C8H13NO3S	CHNOS
2	365.17435	203.06185	203.06	C8H13NO3S	CHNOS
2	365.17996	203.06746	203.07	C8H13NO3S	CHNOS
80	366.20001	204.08751	204.09	C10H17ClO2	CHClO
2	366.20001	204.08751	204.09	C10H17ClO2	CHClO
6	366.20587	204.09337	204.09	C10H17ClO2	CHClO
112	376.10596	213.99346	213.99	C8H6O5S	CHOS
13	379.19019	217.07769	217.08	C9H15NO3S	CHNOS
71	386.18204	224.06954	224.07	C12H8N4O	CHNO
120	390.12106	228.00856	228.01	C9H8O5S	CHOS
3	390.12109	228.00859	228.01	C9H8O5S	CHOS
3	390.12143	228.00893	228.01	C9H8O5S	CHOS
120	390.20001	228.08751	228.09	C12H17ClO2	CHClO
2	390.2041	228.0916	228.09	C12H17ClO2	CHClO
2	390.20358	228.09108	228.09	C12H17ClO2	CHClO
22	390.21225	228.09975	228.1	C12H17ClO2	CHClO
2	390.23141	228.11891	228.12	C12H20O2S	CHOS
4	392.23718	230.12468	230.12	C10H18N2O4	CHNO
3	392.24719	230.13469	230.13	C10H18N2O4	CHNO
109	393.17026	231.05776	231.06	C9H13NO4S	CHNOS
21	393.16882	231.05632	231.06	C9H13NO4S	CHNOS
9	393.16858	231.05608	231.06	C9H13NO4S	CHNOS
2	393.16806	231.05556	231.06	C9H13NO4S	CHNOS
2	393.16885	231.05635	231.06	C9H13NO4S	CHNOS
4	393.17017	231.05767	231.06	C9H13NO4S	CHNOS
3	394.26245	232.14995	232.15	C18H18NO-1	CHNO
8	406.23999	244.12749	244.13	C14H16N2O2	CHNO
2	407.17776	245.06526	245.07	C10H15NO4S	CHNOS
111	407.18558	245.07308	245.07	C10H15NO4S	CHNOS
14	407.18411	245.07161	245.07	C10H15NO4S	CHNOS
3	407.18469	245.07219	245.07	C10H15NO4S	CHNOS
2	407.18497	245.07247	245.07	C10H15NO4S	CHNOS
4	407.18536	245.07286	245.07	C10H15NO4S	CHNOS
55	407.18515	245.07265	245.07	C10H15NO4S	CHNOS
2	407.18329	245.07079	245.07	C10H15NO4S	CHNOS
2	407.1839	245.0714	245.07	C10H15NO4S	CHNOS
2	407.18433	245.07183	245.07	C10H15NO4S	CHNOS
3	407.185	245.0725	245.07	C10H15NO4S	CHNOS
2	407.18469	245.07219	245.07	C10H15NO4S	CHNOS
9	407.18478	245.07228	245.07	C10H15NO4S	CHNOS
3	407.18625	245.07375	245.07	C10H15NO4S	CHNOS
3	407.18503	245.07253	245.07	C10H15NO4S	CHNOS
2	407.18518	245.07268	245.07	C10H15NO4S	CHNOS
2	407.18716	245.07466	245.07	C10H15NO4S	CHNOS
66	407.18878	245.07628	245.08	C10H15NO4S	CHNOS
2	407.18869	245.07619	245.08	C10H15NO4S	CHNOS
2	407.19229	245.07979	245.08	C10H15NO4S	CHNOS
27	407.22342	245.11092	245.11	C11H19NO3S	CHNOS
416	407.22055	245.10805	245.11	C11H19NO3S	CHNOS
12	407.21979	245.10729	245.11	C11H19NO3S	CHNOS
2	407.21991	245.10741	245.11	C11H19NO3S	CHNOS
2	407.22018	245.10768	245.11	C11H19NO3S	CHNOS
2	407.22052	245.10802	245.11	C11H19NO3S	CHNOS
2	407.22052	245.10802	245.11	C11H19NO3S	CHNOS
2	407.22064	245.10814	245.11	C11H19NO3S	CHNOS
2	407.22073	245.10823	245.11	C11H19NO3S	CHNOS
2	407.22083	245.10833	245.11	C11H19NO3S	CHNOS
2	407.22086	245.10836	245.11	C11H19NO3S	CHNOS
2	407.22107	245.10857	245.11	C11H19NO3S	CHNOS
2	407.22128	245.10878	245.11	C11H19NO3S	CHNOS
2	407.22122	245.10872	245.11	C11H19NO3S	CHNOS
4	407.22131	245.10881	245.11	C11H19NO3S	CHNOS
2	407.22131	245.10881	245.11	C11H19NO3S	CHNOS
2	407.22134	245.10884	245.11	C11H19NO3S	CHNOS
2	407.22141	245.10891	245.11	C11H19NO3S	CHNOS
2	407.22165	245.10915	245.11	C11H19NO3S	CHNOS
7	408.20523	246.09273	246.09	C11H18O4S	CHOS
3	408.24005	246.12755	246.13	C11H14N6O	CHNO
2	408.24225	246.12975	246.13	C14H18N2O2	CHNO
14	408.2515	246.139	246.14	C14H18N2O2	CHNO
2	412.19	250.0775	250.08	C12H14N2O2S	CHNOS
5	412.20032	250.08782	250.09	C10H18O5S	CHOS
2	418.23999	256.12749	256.13	C15H16N2O2	CHNO
2	420.25113	258.13863	258.14	C15H18N2O2	CHNO
3	421.23676	259.12426	259.12	C12H21NO3S	CHNOS
4	426.2153	264.1028	264.1	C13H16N2O4	CHNO
2	426.21719	264.10469	264.1	C8H16N4O6	CHNO
2	431.2179	269.1054	269.11	C13H19NO3S	CHNOS
6	431.22113	269.10863	269.11	C13H19NO3S	CHNOS
38	431.22174	269.10924	269.11	C13H19NO3S	CHNOS
128	431.22409	269.11159	269.11	C13H19NO3S	CHNOS
25	431.22192	269.10942	269.11	C13H19NO3S	CHNOS
23	431.22131	269.10881	269.11	C13H19NO3S	CHNOS
1	431.22607	269.11357	269.11	C13H19NO3S	CHNOS
2	431.22043	269.10793	269.11	C13H19NO3S	CHNOS
2	431.22073	269.10823	269.11	C13H19NO3S	CHNOS
10	431.22104	269.10854	269.11	C13H19NO3S	CHNOS
2	431.22076	269.10826	269.11	C13H19NO3S	CHNOS
4	431.22095	269.10845	269.11	C13H19NO3S	CHNOS
2	431.22098	269.10848	269.11	C13H19NO3S	CHNOS
4	431.22101	269.10851	269.11	C13H19NO3S	CHNOS
4	431.22119	269.10869	269.11	C13H19NO3S	CHNOS
1469	433.23679	271.12429	271.12	C13H21NO3S	CHNOS
2	433.23517	271.12267	271.12	C13H21NO3S	CHNOS
4	433.23587	271.12337	271.12	C13H21NO3S	CHNOS
4	433.23596	271.12346	271.12	C13H21NO3S	CHNOS
2	433.23596	271.12346	271.12	C13H21NO3S	CHNOS
2	433.23608	271.12358	271.12	C13H21NO3S	CHNOS
2	433.23621	271.12371	271.12	C13H21NO3S	CHNOS
2	433.23615	271.12365	271.12	C13H21NO3S	CHNOS
2	433.23621	271.12371	271.12	C13H21NO3S	CHNOS
2	433.23627	271.12377	271.12	C13H21NO3S	CHNOS
2	433.23621	271.12371	271.12	C13H21NO3S	CHNOS
2	433.23627	271.12377	271.12	C13H21NO3S	CHNOS
2	433.23627	271.12377	271.12	C13H21NO3S	CHNOS
6	433.23761	271.12511	271.13	C13H21NO3S	CHNOS
3	433.24402	271.13152	271.13	C13H21NO3S	CHNOS
2	433.23633	271.12383	271.12	C13H21NO3S	CHNOS
28	433.23718	271.12468	271.12	C13H21NO3S	CHNOS
2	433.23648	271.12398	271.12	C13H21NO3S	CHNOS
2	433.23642	271.12392	271.12	C13H21NO3S	CHNOS
8	433.23703	271.12453	271.12	C13H21NO3S	CHNOS
2	433.2366	271.1241	271.12	C13H21NO3S	CHNOS
2	433.23782	271.12532	271.13	C13H21NO3S	CHNOS
2	433.23654	271.12404	271.12	C13H21NO3S	CHNOS
2	433.23654	271.12404	271.12	C13H21NO3S	CHNOS
6	433.23685	271.12435	271.12	C13H21NO3S	CHNOS
3	433.23706	271.12456	271.12	C13H21NO3S	CHNOS
2	433.2366	271.1241	271.12	C13H21NO3S	CHNOS
2	433.23654	271.12404	271.12	C13H21NO3S	CHNOS
3	433.23734	271.12484	271.12	C13H21NO3S	CHNOS
3	433.23694	271.12444	271.12	C13H21NO3S	CHNOS
6	433.23654	271.12404	271.12	C13H21NO3S	CHNOS
4	433.23706	271.12456	271.12	C13H21NO3S	CHNOS
3	433.23798	271.12548	271.13	C13H21NO3S	CHNOS
9	433.23737	271.12487	271.12	C13H21NO3S	CHNOS
2	433.23676	271.12426	271.12	C13H21NO3S	CHNOS
2	433.23679	271.12429	271.12	C13H21NO3S	CHNOS
2	433.23669	271.12419	271.12	C13H21NO3S	CHNOS
2	433.23752	271.12502	271.13	C13H21NO3S	CHNOS
4	433.23685	271.12435	271.12	C13H21NO3S	CHNOS
2	433.23715	271.12465	271.12	C13H21NO3S	CHNOS
5	433.23672	271.12422	271.12	C13H21NO3S	CHNOS
2	433.23685	271.12435	271.12	C13H21NO3S	CHNOS
2	433.23691	271.12441	271.12	C13H21NO3S	CHNOS
2	433.23685	271.12435	271.12	C13H21NO3S	CHNOS
2	433.237	271.1245	271.12	C13H21NO3S	CHNOS
2	433.23697	271.12447	271.12	C13H21NO3S	CHNOS
2	433.23697	271.12447	271.12	C13H21NO3S	CHNOS
2	433.23694	271.12444	271.12	C13H21NO3S	CHNOS
2	433.23709	271.12459	271.12	C13H21NO3S	CHNOS
2	433.23694	271.12444	271.12	C13H21NO3S	CHNOS
2	433.23697	271.12447	271.12	C13H21NO3S	CHNOS
2	433.23709	271.12459	271.12	C13H21NO3S	CHNOS
2	433.23703	271.12453	271.12	C13H21NO3S	CHNOS
2	433.23715	271.12465	271.12	C13H21NO3S	CHNOS
2	433.23718	271.12468	271.12	C13H21NO3S	CHNOS
3	433.23715	271.12465	271.12	C13H21NO3S	CHNOS
2	433.23715	271.12465	271.12	C13H21NO3S	CHNOS
2	433.23718	271.12468	271.12	C13H21NO3S	CHNOS
2	433.23724	271.12474	271.12	C13H21NO3S	CHNOS
2	433.23727	271.12477	271.12	C13H21NO3S	CHNOS
2	433.23734	271.12484	271.12	C13H21NO3S	CHNOS
2	433.2374	271.1249	271.12	C13H21NO3S	CHNOS
3	433.23743	271.12493	271.12	C13H21NO3S	CHNOS
2	433.23749	271.12499	271.12	C13H21NO3S	CHNOS
2	433.23761	271.12511	271.13	C13H21NO3S	CHNOS
2	433.23764	271.12514	271.13	C13H21NO3S	CHNOS
2	433.23776	271.12526	271.13	C13H21NO3S	CHNOS
2	433.23776	271.12526	271.13	C13H21NO3S	CHNOS
2	433.23831	271.12581	271.13	C13H21NO3S	CHNOS
240	435.25269	273.14019	273.14	C13H23NO3S	CHNOS
12	435.25348	273.14098	273.14	C13H23NO3S	CHNOS
2	435.25143	273.13893	273.14	C13H23NO3S	CHNOS
2	435.25311	273.14061	273.14	C13H23NO3S	CHNOS
2	435.25162	273.13912	273.14	C13H23NO3S	CHNOS
2	435.25192	273.13942	273.14	C13H23NO3S	CHNOS
2	435.25363	273.14113	273.14	C13H23NO3S	CHNOS
2	435.2522	273.1397	273.14	C13H23NO3S	CHNOS
2	435.25269	273.14019	273.14	C13H23NO3S	CHNOS
2	435.25272	273.14022	273.14	C13H23NO3S	CHNOS
8	435.2533	273.1408	273.14	C13H23NO3S	CHNOS
2	435.25293	273.14043	273.14	C13H23NO3S	CHNOS
3	435.25296	273.14046	273.14	C13H23NO3S	CHNOS
2	435.25317	273.14067	273.14	C13H23NO3S	CHNOS
4	435.2533	273.1408	273.14	C13H23NO3S	CHNOS
2	435.25327	273.14077	273.14	C13H23NO3S	CHNOS
2	435.25381	273.14131	273.14	C13H23NO3S	CHNOS
2	435.25439	273.14189	273.14	C13H23NO3S	CHNOS
2	435.259	273.1465	273.15	C13H23NO3S	CHNOS
14	436.28226	274.16976	274.17	C16H22N2O2	CHNO
21	440.23151	278.11901	278.12	C12H22O5S	CHOS
68	440.23123	278.11873	278.12	C12H22O5S	CHOS
2	440.23001	278.11751	278.12	C12H22O5S	CHOS
5	442.28088	280.16838	280.17	C17H20N4	CHN
2	448.26456	286.15206	286.15	C13H22N2O5	CHNO
2	448.26517	286.15267	286.15	C13H22N2O5	CHNO
220	449.23157	287.11907	287.12	C13H21NO4S	CHNOS
22	449.23431	287.12181	287.12	C13H21NO4S	CHNOS
50	449.23096	287.11846	287.12	C13H21NO4S	CHNOS
2	449.2312	287.1187	287.12	C13H21NO4S	CHNOS
3	449.23126	287.11876	287.12	C13H21NO4S	CHNOS
10	449.2327	287.1202	287.12	C13H21NO4S	CHNOS
2	449.23141	287.11891	287.12	C13H21NO4S	CHNOS
2	449.23199	287.11949	287.12	C13H21NO4S	CHNOS
4	449.23236	287.11986	287.12	C13H21NO4S	CHNOS
2	449.23233	287.11983	287.12	C13H21NO4S	CHNOS
2	449.23257	287.12007	287.12	C13H21NO4S	CHNOS
2	449.23276	287.12026	287.12	C13H21NO4S	CHNOS
2	449.23288	287.12038	287.12	C13H21NO4S	CHNOS
2	449.23282	287.12032	287.12	C13H21NO4S	CHNOS
2	449.23618	287.12368	287.12	C13H21NO4S	CHNOS
6	451.21561	289.10311	289.1	C12H19NO5S	CHNOS
2	451.21481	289.10231	289.1	C12H19NO5S	CHNOS
31	451.21167	289.09917	289.1	C12H19NO5S	CHNOS
2	451.21475	289.10225	289.1	C12H19NO5S	CHNOS
2	451.21576	289.10326	289.1	C12H19NO5S	CHNOS
6	453.22571	291.11321	291.11	C12H21NO5S	CHNOS
2	453.2258	291.1133	291.11	C12H21NO5S	CHNOS
2	453.22684	291.11434	291.11	C12H21NO5S	CHNOS
2	453.22717	291.11467	291.11	C12H21NO5S	CHNOS
2	453.23062	291.11812	291.12	C12H21NO5S	CHNOS
2	453.23569	291.12319	291.12	C12H21NO5S	CHNOS
7	457.23505	295.12255	295.12	C15H21NO3S	CHNOS
5	457.23474	295.12224	295.12	C15H21NO3S	CHNOS
2	457.23502	295.12252	295.12	C15H21NO3S	CHNOS
44	457.23773	295.12523	295.13	C15H21NO3S	CHNOS
10	457.23636	295.12386	295.12	C15H21NO3S	CHNOS
2	457.23703	295.12453	295.12	C15H21NO3S	CHNOS
2	457.23636	295.12386	295.12	C15H21NO3S	CHNOS
2	457.23676	295.12426	295.12	C15H21NO3S	CHNOS
2	457.23706	295.12456	295.12	C15H21NO3S	CHNOS
2	457.24042	295.12792	295.13	C15H21NO3S	CHNOS
18	466.23669	304.12419	304.12	C16H20N2O2S	CHNOS
4	468.26184	306.14934	306.15	C14H26O5S	CHOS
3	472.32999	310.21749	310.22	C17H30N2O3	CHNO
3	473.22437	311.11187	311.11	C15H21NO4S	CHNOS
102	473.23315	311.12065	311.12	C15H21NO4S	CHNOS
18	473.23349	311.12099	311.12	C15H21NO4S	CHNOS
10	473.23569	311.12319	311.12	C15H21NO4S	CHNOS
162	473.23193	311.11943	311.12	C15H21NO4S	CHNOS
35	473.23126	311.11876	311.12	C15H21NO4S	CHNOS
2	473.23087	311.11837	311.12	C15H21NO4S	CHNOS
2	473.23044	311.11794	311.12	C15H21NO4S	CHNOS
2	473.23096	311.11846	311.12	C15H21NO4S	CHNOS
2	473.23105	311.11855	311.12	C15H21NO4S	CHNOS
2	473.23114	311.11864	311.12	C15H21NO4S	CHNOS
5	473.23117	311.11867	311.12	C15H21NO4S	CHNOS
2	473.23129	311.11879	311.12	C15H21NO4S	CHNOS
20	473.2323	311.1198	311.12	C15H21NO4S	CHNOS
2	473.23132	311.11882	311.12	C15H21NO4S	CHNOS
2	473.23151	311.11901	311.12	C15H21NO4S	CHNOS
2	473.23157	311.11907	311.12	C15H21NO4S	CHNOS
2	473.23172	311.11922	311.12	C15H21NO4S	CHNOS
9	473.2323	311.1198	311.12	C15H21NO4S	CHNOS
2	473.23196	311.11946	311.12	C15H21NO4S	CHNOS
2	473.23209	311.11959	311.12	C15H21NO4S	CHNOS
2	473.23215	311.11965	311.12	C15H21NO4S	CHNOS
2	473.23221	311.11971	311.12	C15H21NO4S	CHNOS
2	473.2323	311.1198	311.12	C15H21NO4S	CHNOS
26	474.34418	312.23168	312.23	C19H28N4	CHN
2	475.2384	313.1259	313.13	C15H23NO4S	CHNOS
970	475.24661	313.13411	313.13	C15H23NO4S	CHNOS
120	475.2475	313.135	313.14	C15H23NO4S	CHNOS
20	475.24765	313.13515	313.14	C15H23NO4S	CHNOS
9	475.24689	313.13439	313.13	C15H23NO4S	CHNOS
5	475.24649	313.13399	313.13	C15H23NO4S	CHNOS
34	475.24677	313.13427	313.13	C15H23NO4S	CHNOS
6	475.24753	313.13503	313.14	C15H23NO4S	CHNOS
7	475.24667	313.13417	313.13	C15H23NO4S	CHNOS
10	475.24683	313.13433	313.13	C15H23NO4S	CHNOS
4	475.24683	313.13433	313.13	C15H23NO4S	CHNOS
46	475.24698	313.13448	313.13	C15H23NO4S	CHNOS
12	475.24698	313.13448	313.13	C15H23NO4S	CHNOS
2	475.24695	313.13445	313.13	C15H23NO4S	CHNOS
2	475.24695	313.13445	313.13	C15H23NO4S	CHNOS
12	475.24878	313.13628	313.14	C15H23NO4S	CHNOS
2	475.24701	313.13451	313.13	C15H23NO4S	CHNOS
2	475.24704	313.13454	313.13	C15H23NO4S	CHNOS
8	475.24738	313.13488	313.13	C15H23NO4S	CHNOS
2	475.24713	313.13463	313.13	C15H23NO4S	CHNOS
2	475.24716	313.13466	313.13	C15H23NO4S	CHNOS
2	475.24716	313.13466	313.13	C15H23NO4S	CHNOS
3	475.25	313.1375	313.14	C15H23NO4S	CHNOS
2	475.24722	313.13472	313.13	C15H23NO4S	CHNOS
2	475.24728	313.13478	313.13	C15H23NO4S	CHNOS
2	475.24734	313.13484	313.13	C15H23NO4S	CHNOS
2	475.24734	313.13484	313.13	C15H23NO4S	CHNOS
2	475.24738	313.13488	313.13	C15H23NO4S	CHNOS
14	475.24841	313.13591	313.14	C15H23NO4S	CHNOS
2	475.24747	313.13497	313.13	C15H23NO4S	CHNOS
2	475.2475	313.135	313.14	C15H23NO4S	CHNOS
2	475.24777	313.13527	313.14	C15H23NO4S	CHNOS
2	475.24796	313.13546	313.14	C15H23NO4S	CHNOS
2	475.25	313.1375	313.14	C15H23NO4S	CHNOS
4	475.25	313.1375	313.14	C15H23NO4S	CHNOS
2	477.26001	315.14751	315.15	C15H25NO4S	CHNOS
61	477.26355	315.15105	315.15	C15H25NO4S	CHNOS
58	477.26593	315.15343	315.15	C15H25NO4S	CHNOS
12	477.26337	315.15087	315.15	C15H25NO4S	CHNOS
2	477.26276	315.15026	315.15	C15H25NO4S	CHNOS
16	477.26291	315.15041	315.15	C15H25NO4S	CHNOS
4	477.26282	315.15032	315.15	C15H25NO4S	CHNOS
3	477.26364	315.15114	315.15	C15H25NO4S	CHNOS
2	477.26328	315.15078	315.15	C15H25NO4S	CHNOS
8	479.24423	317.13173	317.13	C14H23NO5S	CHNOS
2	479.24194	317.12944	317.13	C14H23NO5S	CHNOS
42	479.24319	317.13069	317.13	C14H23NO5S	CHNOS
2	479.24237	317.12987	317.13	C14H23NO5S	CHNOS
2	481.25757	319.14507	319.15	C14H25NO5S	CHNOS
2	481.25766	319.14516	319.15	C14H25NO5S	CHNOS
2	481.25775	319.14525	319.15	C14H25NO5S	CHNOS
2	481.25775	319.14525	319.15	C14H25NO5S	CHNOS
2	481.25778	319.14528	319.15	C14H25NO5S	CHNOS
2	481.2579	319.1454	319.15	C14H25NO5S	CHNOS
4	481.25864	319.14614	319.15	C14H25NO5S	CHNOS
2	481.25806	319.14556	319.15	C14H25NO5S	CHNOS
2	481.25809	319.14559	319.15	C14H25NO5S	CHNOS
2	481.25809	319.14559	319.15	C14H25NO5S	CHNOS
2	481.25806	319.14556	319.15	C14H25NO5S	CHNOS
6	481.25824	319.14574	319.15	C14H25NO5S	CHNOS
2	481.258	319.1455	319.15	C14H25NO5S	CHNOS
2	481.25809	319.14559	319.15	C14H25NO5S	CHNOS
2	481.25806	319.14556	319.15	C14H25NO5S	CHNOS
2	481.25815	319.14565	319.15	C14H25NO5S	CHNOS
2	481.25812	319.14562	319.15	C14H25NO5S	CHNOS
2	481.25812	319.14562	319.15	C14H25NO5S	CHNOS
2	481.25821	319.14571	319.15	C14H25NO5S	CHNOS
2	481.25818	319.14568	319.15	C14H25NO5S	CHNOS
2	481.25821	319.14571	319.15	C14H25NO5S	CHNOS
2	481.2583	319.1458	319.15	C14H25NO5S	CHNOS
2	481.25821	319.14571	319.15	C14H25NO5S	CHNOS
2	481.25824	319.14574	319.15	C14H25NO5S	CHNOS
2	481.25845	319.14595	319.15	C14H25NO5S	CHNOS
2	481.25842	319.14592	319.15	C14H25NO5S	CHNOS
2	481.25854	319.14604	319.15	C14H25NO5S	CHNOS
2	481.25851	319.14601	319.15	C14H25NO5S	CHNOS
2	481.25851	319.14601	319.15	C14H25NO5S	CHNOS
2	481.25867	319.14617	319.15	C14H25NO5S	CHNOS
4	486.37888	324.26638	324.27	C16H32N6O	CHNO
133	487.28204	325.16954	325.17	C17H27NO3S	CHNOS
14	487.28418	325.17168	325.17	C17H27NO3S	CHNOS
4	487.28116	325.16866	325.17	C17H27NO3S	CHNOS
2	487.28137	325.16887	325.17	C17H27NO3S	CHNOS
4	487.28394	325.17144	325.17	C17H27NO3S	CHNOS
2	487.2825	325.17	325.17	C17H27NO3S	CHNOS
2	487.28259	325.17009	325.17	C17H27NO3S	CHNOS
2	487.28326	325.17076	325.17	C17H27NO3S	CHNOS
3	487.28329	325.17079	325.17	C17H27NO3S	CHNOS
3	487.28406	325.17156	325.17	C17H27NO3S	CHNOS
2	487.28336	325.17086	325.17	C17H27NO3S	CHNOS
2	487.28342	325.17092	325.17	C17H27NO3S	CHNOS
2	487.28354	325.17104	325.17	C17H27NO3S	CHNOS
2	487.28375	325.17125	325.17	C17H27NO3S	CHNOS
2	487.2836	325.1711	325.17	C17H27NO3S	CHNOS
2	487.2836	325.1711	325.17	C17H27NO3S	CHNOS
2	487.28369	325.17119	325.17	C17H27NO3S	CHNOS
3	487.2843	325.1718	325.17	C17H27NO3S	CHNOS
2	487.28394	325.17144	325.17	C17H27NO3S	CHNOS
2	487.284	325.1715	325.17	C17H27NO3S	CHNOS
2	487.28427	325.17177	325.17	C17H27NO3S	CHNOS
2	487.28433	325.17183	325.17	C17H27NO3S	CHNOS
2	487.28473	325.17223	325.17	C17H27NO3S	CHNOS
4	488.39508	326.28258	326.28	C21H34N4O-1	CHNO
3	490.33694	328.22444	328.22	C19H28N4O	CHNO
2	490.33728	328.22478	328.22	C19H28N4O	CHNO
2	490.33755	328.22505	328.23	C19H28N4O	CHNO
2	490.33862	328.22612	328.23	C19H28N4O	CHNO
2	490.35025	328.23775	328.24	C17H32N2O4	CHNO
2	491.24115	329.12865	329.13	C15H23NO5S	CHNOS
7	491.24243	329.12993	329.13	C15H23NO5S	CHNOS
4	491.24197	329.12947	329.13	C15H23NO5S	CHNOS
2	491.24234	329.12984	329.13	C15H23NO5S	CHNOS
4	491.2424	329.1299	329.13	C15H23NO5S	CHNOS
3	491.24237	329.12987	329.13	C15H23NO5S	CHNOS
6	491.24274	329.13024	329.13	C15H23NO5S	CHNOS
2	491.24286	329.13036	329.13	C15H23NO5S	CHNOS
167	492.34552	330.23302	330.23	C20H30N2O2	CHNO
27	494.34152	332.22902	332.23	C16H32N2O5	CHNO
9	500.35501	338.24251	338.24	C22H30N2O	CHNO
5	503.27737	341.16487	341.16	C17H27NO4S	CHNOS
64	503.27859	341.16609	341.17	C17H27NO4S	CHNOS
14	503.27768	341.16518	341.17	C17H27NO4S	CHNOS
2	503.2767	341.1642	341.16	C17H27NO4S	CHNOS
165	503.27887	341.16637	341.17	C17H27NO4S	CHNOS
2	503.27777	341.16527	341.17	C17H27NO4S	CHNOS
2	503.27832	341.16582	341.17	C17H27NO4S	CHNOS
2	503.27844	341.16594	341.17	C17H27NO4S	CHNOS
2	503.27847	341.16597	341.17	C17H27NO4S	CHNOS
2	503.27872	341.16622	341.17	C17H27NO4S	CHNOS
2	503.27878	341.16628	341.17	C17H27NO4S	CHNOS
2	503.2789	341.1664	341.17	C17H27NO4S	CHNOS
2	503.27905	341.16655	341.17	C17H27NO4S	CHNOS
2	503.2793	341.1668	341.17	C17H27NO4S	CHNOS
11	505.28897	343.17647	343.18	C17H29NO4S	CHNOS
39	505.29303	343.18053	343.18	C17H29NO4S	CHNOS
148	505.29416	343.18166	343.18	C17H29NO4S	CHNOS
17	505.29169	343.17919	343.18	C17H29NO4S	CHNOS
120	505.2944	343.1819	343.18	C17H29NO4S	CHNOS
2	505.29272	343.18022	343.18	C17H29NO4S	CHNOS
6	505.29449	343.18199	343.18	C17H29NO4S	CHNOS
2	505.29343	343.18093	343.18	C17H29NO4S	CHNOS
4	505.29343	343.18093	343.18	C17H29NO4S	CHNOS
2	505.29346	343.18096	343.18	C17H29NO4S	CHNOS
4	505.29352	343.18102	343.18	C17H29NO4S	CHNOS
2	505.29373	343.18123	343.18	C17H29NO4S	CHNOS
2	505.29486	343.18236	343.18	C17H29NO4S	CHNOS
2	505.29398	343.18148	343.18	C17H29NO4S	CHNOS
2	505.29401	343.18151	343.18	C17H29NO4S	CHNOS
2	505.29398	343.18148	343.18	C17H29NO4S	CHNOS
2	505.29391	343.18141	343.18	C17H29NO4S	CHNOS
15	505.2951	343.1826	343.18	C17H29NO4S	CHNOS
2	505.29398	343.18148	343.18	C17H29NO4S	CHNOS
2	505.29404	343.18154	343.18	C17H29NO4S	CHNOS
2	505.29404	343.18154	343.18	C17H29NO4S	CHNOS
2	505.2941	343.1816	343.18	C17H29NO4S	CHNOS
2	505.29401	343.18151	343.18	C17H29NO4S	CHNOS
2	505.29404	343.18154	343.18	C17H29NO4S	CHNOS
2	505.29413	343.18163	343.18	C17H29NO4S	CHNOS
2	505.2941	343.1816	343.18	C17H29NO4S	CHNOS
2	505.29413	343.18163	343.18	C17H29NO4S	CHNOS
2	505.2941	343.1816	343.18	C17H29NO4S	CHNOS
2	505.29422	343.18172	343.18	C17H29NO4S	CHNOS
2	505.29425	343.18175	343.18	C17H29NO4S	CHNOS
2	505.29428	343.18178	343.18	C17H29NO4S	CHNOS
2	505.29425	343.18175	343.18	C17H29NO4S	CHNOS
2	505.29425	343.18175	343.18	C17H29NO4S	CHNOS
5	505.29514	343.18264	343.18	C17H29NO4S	CHNOS
2	505.29419	343.18169	343.18	C17H29NO4S	CHNOS
2	505.29422	343.18172	343.18	C17H29NO4S	CHNOS
2	505.29425	343.18175	343.18	C17H29NO4S	CHNOS
2	505.29437	343.18187	343.18	C17H29NO4S	CHNOS
2	505.29434	343.18184	343.18	C17H29NO4S	CHNOS
2	505.29431	343.18181	343.18	C17H29NO4S	CHNOS
2	505.29431	343.18181	343.18	C17H29NO4S	CHNOS
2	505.29434	343.18184	343.18	C17H29NO4S	CHNOS
2	505.29434	343.18184	343.18	C17H29NO4S	CHNOS
2	505.29431	343.18181	343.18	C17H29NO4S	CHNOS
2	505.29431	343.18181	343.18	C17H29NO4S	CHNOS
2	505.29449	343.18199	343.18	C17H29NO4S	CHNOS
2	505.29443	343.18193	343.18	C17H29NO4S	CHNOS
2	505.29446	343.18196	343.18	C17H29NO4S	CHNOS
2	505.29449	343.18199	343.18	C17H29NO4S	CHNOS
2	505.29456	343.18206	343.18	C17H29NO4S	CHNOS
2	505.29459	343.18209	343.18	C17H29NO4S	CHNOS
2	505.29456	343.18206	343.18	C17H29NO4S	CHNOS
2	505.29456	343.18206	343.18	C17H29NO4S	CHNOS
2	505.29449	343.18199	343.18	C17H29NO4S	CHNOS
2	505.29468	343.18218	343.18	C17H29NO4S	CHNOS
2	505.29468	343.18218	343.18	C17H29NO4S	CHNOS
2	505.29468	343.18218	343.18	C17H29NO4S	CHNOS
2	505.29468	343.18218	343.18	C17H29NO4S	CHNOS
2	505.29462	343.18212	343.18	C17H29NO4S	CHNOS
2	505.29471	343.18221	343.18	C17H29NO4S	CHNOS
2	505.29474	343.18224	343.18	C17H29NO4S	CHNOS
2	505.29477	343.18227	343.18	C17H29NO4S	CHNOS
2	505.29474	343.18224	343.18	C17H29NO4S	CHNOS
2	505.29477	343.18227	343.18	C17H29NO4S	CHNOS
2	505.29483	343.18233	343.18	C17H29NO4S	CHNOS
2	505.29489	343.18239	343.18	C17H29NO4S	CHNOS
2	505.29489	343.18239	343.18	C17H29NO4S	CHNOS
2	505.29495	343.18245	343.18	C17H29NO4S	CHNOS
2	505.29507	343.18257	343.18	C17H29NO4S	CHNOS
2	505.2951	343.1826	343.18	C17H29NO4S	CHNOS
2	505.29526	343.18276	343.18	C17H29NO4S	CHNOS
2	505.29529	343.18279	343.18	C17H29NO4S	CHNOS
2	505.29535	343.18285	343.18	C17H29NO4S	CHNOS
2	505.29544	343.18294	343.18	C17H29NO4S	CHNOS
1091	511.28366	349.17116	349.17	C19H27NO3S	CHNOS
9	511.28397	349.17147	349.17	C19H27NO3S	CHNOS
2	511.28021	349.16771	349.17	C19H27NO3S	CHNOS
7	511.28171	349.16921	349.17	C19H27NO3S	CHNOS
2	511.2814	349.1689	349.17	C19H27NO3S	CHNOS
6	511.28433	349.17183	349.17	C19H27NO3S	CHNOS
4	511.28287	349.17037	349.17	C19H27NO3S	CHNOS
41	511.28412	349.17162	349.17	C19H27NO3S	CHNOS
9	511.28345	349.17095	349.17	C19H27NO3S	CHNOS
2	511.28281	349.17031	349.17	C19H27NO3S	CHNOS
2	511.28305	349.17055	349.17	C19H27NO3S	CHNOS
3	511.2843	349.1718	349.17	C19H27NO3S	CHNOS
12	511.28427	349.17177	349.17	C19H27NO3S	CHNOS
2	511.2832	349.1707	349.17	C19H27NO3S	CHNOS
2	511.2832	349.1707	349.17	C19H27NO3S	CHNOS
5	511.28406	349.17156	349.17	C19H27NO3S	CHNOS
2	511.28326	349.17076	349.17	C19H27NO3S	CHNOS
4	511.28391	349.17141	349.17	C19H27NO3S	CHNOS
2	511.28336	349.17086	349.17	C19H27NO3S	CHNOS
4	511.28391	349.17141	349.17	C19H27NO3S	CHNOS
2	511.28345	349.17095	349.17	C19H27NO3S	CHNOS
4	511.28384	349.17134	349.17	C19H27NO3S	CHNOS
14	511.28442	349.17192	349.17	C19H27NO3S	CHNOS
2	511.28342	349.17092	349.17	C19H27NO3S	CHNOS
6	511.28406	349.17156	349.17	C19H27NO3S	CHNOS
2	511.28342	349.17092	349.17	C19H27NO3S	CHNOS
2	511.28348	349.17098	349.17	C19H27NO3S	CHNOS
2	511.28342	349.17092	349.17	C19H27NO3S	CHNOS
2	511.28339	349.17089	349.17	C19H27NO3S	CHNOS
3	511.28461	349.17211	349.17	C19H27NO3S	CHNOS
2	511.28357	349.17107	349.17	C19H27NO3S	CHNOS
2	511.28357	349.17107	349.17	C19H27NO3S	CHNOS
9	511.284	349.1715	349.17	C19H27NO3S	CHNOS
10	511.2836	349.1711	349.17	C19H27NO3S	CHNOS
3	511.28394	349.17144	349.17	C19H27NO3S	CHNOS
2	511.28357	349.17107	349.17	C19H27NO3S	CHNOS
2	511.28363	349.17113	349.17	C19H27NO3S	CHNOS
2	511.28366	349.17116	349.17	C19H27NO3S	CHNOS
2	511.28366	349.17116	349.17	C19H27NO3S	CHNOS
6	511.28433	349.17183	349.17	C19H27NO3S	CHNOS
14	511.28421	349.17171	349.17	C19H27NO3S	CHNOS
2	511.28369	349.17119	349.17	C19H27NO3S	CHNOS
2	511.28369	349.17119	349.17	C19H27NO3S	CHNOS
2	511.28363	349.17113	349.17	C19H27NO3S	CHNOS
2	511.28363	349.17113	349.17	C19H27NO3S	CHNOS
2	511.28363	349.17113	349.17	C19H27NO3S	CHNOS
14	511.28467	349.17217	349.17	C19H27NO3S	CHNOS
2	511.28375	349.17125	349.17	C19H27NO3S	CHNOS
2	511.28372	349.17122	349.17	C19H27NO3S	CHNOS
3	511.28406	349.17156	349.17	C19H27NO3S	CHNOS
3	511.28555	349.17305	349.17	C19H27NO3S	CHNOS
2	511.28372	349.17122	349.17	C19H27NO3S	CHNOS
2	511.28375	349.17125	349.17	C19H27NO3S	CHNOS
2	511.28378	349.17128	349.17	C19H27NO3S	CHNOS
2	511.28375	349.17125	349.17	C19H27NO3S	CHNOS
2	511.28378	349.17128	349.17	C19H27NO3S	CHNOS
2	511.28387	349.17137	349.17	C19H27NO3S	CHNOS
2	511.28391	349.17141	349.17	C19H27NO3S	CHNOS
2	511.28387	349.17137	349.17	C19H27NO3S	CHNOS
2	511.28381	349.17131	349.17	C19H27NO3S	CHNOS
2	511.28387	349.17137	349.17	C19H27NO3S	CHNOS
2	511.28384	349.17134	349.17	C19H27NO3S	CHNOS
2	511.28387	349.17137	349.17	C19H27NO3S	CHNOS
2	511.28381	349.17131	349.17	C19H27NO3S	CHNOS
2	511.28387	349.17137	349.17	C19H27NO3S	CHNOS
2	511.28384	349.17134	349.17	C19H27NO3S	CHNOS
3	511.28391	349.17141	349.17	C19H27NO3S	CHNOS
2	511.28387	349.17137	349.17	C19H27NO3S	CHNOS
2	511.28387	349.17137	349.17	C19H27NO3S	CHNOS
2	511.28384	349.17134	349.17	C19H27NO3S	CHNOS
2	511.28381	349.17131	349.17	C19H27NO3S	CHNOS
2	511.28387	349.17137	349.17	C19H27NO3S	CHNOS
2	511.28394	349.17144	349.17	C19H27NO3S	CHNOS
2	511.28394	349.17144	349.17	C19H27NO3S	CHNOS
2	511.28394	349.17144	349.17	C19H27NO3S	CHNOS
13	511.284	349.1715	349.17	C19H27NO3S	CHNOS
2	511.28391	349.17141	349.17	C19H27NO3S	CHNOS
2	511.284	349.1715	349.17	C19H27NO3S	CHNOS
2	511.28394	349.17144	349.17	C19H27NO3S	CHNOS
2	511.28391	349.17141	349.17	C19H27NO3S	CHNOS
2	511.284	349.1715	349.17	C19H27NO3S	CHNOS
3	511.28458	349.17208	349.17	C19H27NO3S	CHNOS
2	511.28394	349.17144	349.17	C19H27NO3S	CHNOS
2	511.28394	349.17144	349.17	C19H27NO3S	CHNOS
2	511.28394	349.17144	349.17	C19H27NO3S	CHNOS
2	511.28394	349.17144	349.17	C19H27NO3S	CHNOS
2	511.28391	349.17141	349.17	C19H27NO3S	CHNOS
2	511.284	349.1715	349.17	C19H27NO3S	CHNOS
2	511.28403	349.17153	349.17	C19H27NO3S	CHNOS
2	511.28406	349.17156	349.17	C19H27NO3S	CHNOS
2	511.284	349.1715	349.17	C19H27NO3S	CHNOS
2	511.28403	349.17153	349.17	C19H27NO3S	CHNOS
2	511.28409	349.17159	349.17	C19H27NO3S	CHNOS
3	511.28403	349.17153	349.17	C19H27NO3S	CHNOS
2	511.28406	349.17156	349.17	C19H27NO3S	CHNOS
5	511.28424	349.17174	349.17	C19H27NO3S	CHNOS
2	511.284	349.1715	349.17	C19H27NO3S	CHNOS
2	511.2843	349.1718	349.17	C19H27NO3S	CHNOS
2	511.28403	349.17153	349.17	C19H27NO3S	CHNOS
2	511.28403	349.17153	349.17	C19H27NO3S	CHNOS
2	511.284	349.1715	349.17	C19H27NO3S	CHNOS
2	511.28406	349.17156	349.17	C19H27NO3S	CHNOS
2	511.28406	349.17156	349.17	C19H27NO3S	CHNOS
2	511.28403	349.17153	349.17	C19H27NO3S	CHNOS
2	511.28406	349.17156	349.17	C19H27NO3S	CHNOS
2	511.28403	349.17153	349.17	C19H27NO3S	CHNOS
2	511.28406	349.17156	349.17	C19H27NO3S	CHNOS
2	511.28625	349.17375	349.17	C19H27NO3S	CHNOS
2	511.28418	349.17168	349.17	C19H27NO3S	CHNOS
2	511.28418	349.17168	349.17	C19H27NO3S	CHNOS
2	511.28439	349.17189	349.17	C19H27NO3S	CHNOS
2	511.28415	349.17165	349.17	C19H27NO3S	CHNOS
2	511.28418	349.17168	349.17	C19H27NO3S	CHNOS
2	511.28412	349.17162	349.17	C19H27NO3S	CHNOS
2	511.28412	349.17162	349.17	C19H27NO3S	CHNOS
2	511.28415	349.17165	349.17	C19H27NO3S	CHNOS
2	511.28412	349.17162	349.17	C19H27NO3S	CHNOS
2	511.28418	349.17168	349.17	C19H27NO3S	CHNOS
2	511.28424	349.17174	349.17	C19H27NO3S	CHNOS
2	511.28427	349.17177	349.17	C19H27NO3S	CHNOS
2	511.28424	349.17174	349.17	C19H27NO3S	CHNOS
2	511.28561	349.17311	349.17	C19H27NO3S	CHNOS
2	511.28424	349.17174	349.17	C19H27NO3S	CHNOS
2	511.28436	349.17186	349.17	C19H27NO3S	CHNOS
2	511.2843	349.1718	349.17	C19H27NO3S	CHNOS
2	511.28433	349.17183	349.17	C19H27NO3S	CHNOS
2	511.2843	349.1718	349.17	C19H27NO3S	CHNOS
2	511.2843	349.1718	349.17	C19H27NO3S	CHNOS
2	511.2843	349.1718	349.17	C19H27NO3S	CHNOS
2	511.28448	349.17198	349.17	C19H27NO3S	CHNOS
2	511.28445	349.17195	349.17	C19H27NO3S	CHNOS
2	511.28448	349.17198	349.17	C19H27NO3S	CHNOS
2	511.28442	349.17192	349.17	C19H27NO3S	CHNOS
2	511.28452	349.17202	349.17	C19H27NO3S	CHNOS
2	511.28461	349.17211	349.17	C19H27NO3S	CHNOS
2	511.28461	349.17211	349.17	C19H27NO3S	CHNOS
9	511.28476	349.17226	349.17	C19H27NO3S	CHNOS
2	511.28467	349.17217	349.17	C19H27NO3S	CHNOS
3	511.28479	349.17229	349.17	C19H27NO3S	CHNOS
4	511.28476	349.17226	349.17	C19H27NO3S	CHNOS
2	511.28476	349.17226	349.17	C19H27NO3S	CHNOS
2	511.28497	349.17247	349.17	C19H27NO3S	CHNOS
2	511.285	349.1725	349.17	C19H27NO3S	CHNOS
2	511.28543	349.17293	349.17	C19H27NO3S	CHNOS
2	511.28571	349.17321	349.17	C19H27NO3S	CHNOS
2	511.28598	349.17348	349.17	C19H27NO3S	CHNOS
2	511.28601	349.17351	349.17	C19H27NO3S	CHNOS
2	511.2872	349.1747	349.17	C19H27NO3S	CHNOS
2	511.28925	349.17675	349.18	C19H27NO3S	CHNOS
5	513.29175	351.17925	351.18	C19H29NO3S	CHNOS
1878	513.29913	351.18663	351.19	C19H29NO3S	CHNOS
2	513.29388	351.18138	351.18	C19H29NO3S	CHNOS
2	513.29553	351.18303	351.18	C19H29NO3S	CHNOS
8	513.29883	351.18633	351.19	C19H29NO3S	CHNOS
39	513.29938	351.18688	351.19	C19H29NO3S	CHNOS
6	513.3009	351.1884	351.19	C19H29NO3S	CHNOS
5	513.29974	351.18724	351.19	C19H29NO3S	CHNOS
2	513.29828	351.18578	351.19	C19H29NO3S	CHNOS
22	513.2998	351.1873	351.19	C19H29NO3S	CHNOS
2	513.29858	351.18608	351.19	C19H29NO3S	CHNOS
4	513.2995	351.187	351.19	C19H29NO3S	CHNOS
17	513.29968	351.18718	351.19	C19H29NO3S	CHNOS
3	513.30035	351.18785	351.19	C19H29NO3S	CHNOS
3	513.29944	351.18694	351.19	C19H29NO3S	CHNOS
2	513.29907	351.18657	351.19	C19H29NO3S	CHNOS
2	513.29913	351.18663	351.19	C19H29NO3S	CHNOS
2	513.29913	351.18663	351.19	C19H29NO3S	CHNOS
4	513.30103	351.18853	351.19	C19H29NO3S	CHNOS
4	513.29932	351.18682	351.19	C19H29NO3S	CHNOS
2	513.29919	351.18669	351.19	C19H29NO3S	CHNOS
2	513.29919	351.18669	351.19	C19H29NO3S	CHNOS
2	513.29919	351.18669	351.19	C19H29NO3S	CHNOS
28	513.29987	351.18737	351.19	C19H29NO3S	CHNOS
2	513.29919	351.18669	351.19	C19H29NO3S	CHNOS
6	513.29932	351.18682	351.19	C19H29NO3S	CHNOS
8	513.29926	351.18676	351.19	C19H29NO3S	CHNOS
4	513.29962	351.18712	351.19	C19H29NO3S	CHNOS
4	513.29944	351.18694	351.19	C19H29NO3S	CHNOS
2	513.29926	351.18676	351.19	C19H29NO3S	CHNOS
3	513.30133	351.18883	351.19	C19H29NO3S	CHNOS
2	513.29926	351.18676	351.19	C19H29NO3S	CHNOS
2	513.29926	351.18676	351.19	C19H29NO3S	CHNOS
3	513.29968	351.18718	351.19	C19H29NO3S	CHNOS
2	513.29926	351.18676	351.19	C19H29NO3S	CHNOS
5	513.29974	351.18724	351.19	C19H29NO3S	CHNOS
2	513.29938	351.18688	351.19	C19H29NO3S	CHNOS
6	513.29938	351.18688	351.19	C19H29NO3S	CHNOS
2	513.29938	351.18688	351.19	C19H29NO3S	CHNOS
5	513.3006	351.1881	351.19	C19H29NO3S	CHNOS
2	513.29938	351.18688	351.19	C19H29NO3S	CHNOS
2	513.29932	351.18682	351.19	C19H29NO3S	CHNOS
3	513.30035	351.18785	351.19	C19H29NO3S	CHNOS
2	513.29932	351.18682	351.19	C19H29NO3S	CHNOS
2	513.29938	351.18688	351.19	C19H29NO3S	CHNOS
2	513.2995	351.187	351.19	C19H29NO3S	CHNOS
2	513.29938	351.18688	351.19	C19H29NO3S	CHNOS
2	513.29938	351.18688	351.19	C19H29NO3S	CHNOS
2	513.2995	351.187	351.19	C19H29NO3S	CHNOS
4	513.29987	351.18737	351.19	C19H29NO3S	CHNOS
3	513.30017	351.18767	351.19	C19H29NO3S	CHNOS
2	513.29944	351.18694	351.19	C19H29NO3S	CHNOS
4	513.29956	351.18706	351.19	C19H29NO3S	CHNOS
2	513.2995	351.187	351.19	C19H29NO3S	CHNOS
2	513.2995	351.187	351.19	C19H29NO3S	CHNOS
4	513.29962	351.18712	351.19	C19H29NO3S	CHNOS
2	513.2995	351.187	351.19	C19H29NO3S	CHNOS
4	513.30011	351.18761	351.19	C19H29NO3S	CHNOS
2	513.29944	351.18694	351.19	C19H29NO3S	CHNOS
3	513.29944	351.18694	351.19	C19H29NO3S	CHNOS
7	513.29999	351.18749	351.19	C19H29NO3S	CHNOS
2	513.29938	351.18688	351.19	C19H29NO3S	CHNOS
2	513.29944	351.18694	351.19	C19H29NO3S	CHNOS
2	513.2995	351.187	351.19	C19H29NO3S	CHNOS
2	513.29944	351.18694	351.19	C19H29NO3S	CHNOS
14	513.30023	351.18773	351.19	C19H29NO3S	CHNOS
4	513.29993	351.18743	351.19	C19H29NO3S	CHNOS
2	513.2995	351.187	351.19	C19H29NO3S	CHNOS
2	513.29944	351.18694	351.19	C19H29NO3S	CHNOS
2	513.29944	351.18694	351.19	C19H29NO3S	CHNOS
7	513.29968	351.18718	351.19	C19H29NO3S	CHNOS
4	513.29962	351.18712	351.19	C19H29NO3S	CHNOS
2	513.29944	351.18694	351.19	C19H29NO3S	CHNOS
3	513.29956	351.18706	351.19	C19H29NO3S	CHNOS
2	513.29956	351.18706	351.19	C19H29NO3S	CHNOS
4	513.30029	351.18779	351.19	C19H29NO3S	CHNOS
2	513.29956	351.18706	351.19	C19H29NO3S	CHNOS
2	513.29956	351.18706	351.19	C19H29NO3S	CHNOS
2	513.29956	351.18706	351.19	C19H29NO3S	CHNOS
4	513.29956	351.18706	351.19	C19H29NO3S	CHNOS
2	513.2995	351.187	351.19	C19H29NO3S	CHNOS
2	513.29956	351.18706	351.19	C19H29NO3S	CHNOS
2	513.29956	351.18706	351.19	C19H29NO3S	CHNOS
2	513.2995	351.187	351.19	C19H29NO3S	CHNOS
5	513.29993	351.18743	351.19	C19H29NO3S	CHNOS
2	513.29962	351.18712	351.19	C19H29NO3S	CHNOS
2	513.2995	351.187	351.19	C19H29NO3S	CHNOS
2	513.2995	351.187	351.19	C19H29NO3S	CHNOS
2	513.29956	351.18706	351.19	C19H29NO3S	CHNOS
2	513.29956	351.18706	351.19	C19H29NO3S	CHNOS
2	513.29956	351.18706	351.19	C19H29NO3S	CHNOS
2	513.29956	351.18706	351.19	C19H29NO3S	CHNOS
6	513.29962	351.18712	351.19	C19H29NO3S	CHNOS
2	513.29968	351.18718	351.19	C19H29NO3S	CHNOS
2	513.29968	351.18718	351.19	C19H29NO3S	CHNOS
2	513.29968	351.18718	351.19	C19H29NO3S	CHNOS
2	513.29962	351.18712	351.19	C19H29NO3S	CHNOS
2	513.29968	351.18718	351.19	C19H29NO3S	CHNOS
2	513.29962	351.18712	351.19	C19H29NO3S	CHNOS
2	513.29968	351.18718	351.19	C19H29NO3S	CHNOS
2	513.29968	351.18718	351.19	C19H29NO3S	CHNOS
2	513.29962	351.18712	351.19	C19H29NO3S	CHNOS
2	513.29993	351.18743	351.19	C19H29NO3S	CHNOS
2	513.29968	351.18718	351.19	C19H29NO3S	CHNOS
2	513.29962	351.18712	351.19	C19H29NO3S	CHNOS
2	513.29962	351.18712	351.19	C19H29NO3S	CHNOS
2	513.29968	351.18718	351.19	C19H29NO3S	CHNOS
2	513.29962	351.18712	351.19	C19H29NO3S	CHNOS
2	513.29968	351.18718	351.19	C19H29NO3S	CHNOS
2	513.29974	351.18724	351.19	C19H29NO3S	CHNOS
2	513.29968	351.18718	351.19	C19H29NO3S	CHNOS
2	513.29974	351.18724	351.19	C19H29NO3S	CHNOS
2	513.29968	351.18718	351.19	C19H29NO3S	CHNOS
2	513.29974	351.18724	351.19	C19H29NO3S	CHNOS
2	513.30023	351.18773	351.19	C19H29NO3S	CHNOS
2	513.2998	351.1873	351.19	C19H29NO3S	CHNOS
2	513.29987	351.18737	351.19	C19H29NO3S	CHNOS
3	513.30035	351.18785	351.19	C19H29NO3S	CHNOS
2	513.30035	351.18785	351.19	C19H29NO3S	CHNOS
2	513.29987	351.18737	351.19	C19H29NO3S	CHNOS
2	513.29999	351.18749	351.19	C19H29NO3S	CHNOS
2	513.29993	351.18743	351.19	C19H29NO3S	CHNOS
2	513.30011	351.18761	351.19	C19H29NO3S	CHNOS
2	513.29999	351.18749	351.19	C19H29NO3S	CHNOS
2	513.30005	351.18755	351.19	C19H29NO3S	CHNOS
2	513.30005	351.18755	351.19	C19H29NO3S	CHNOS
2	513.30005	351.18755	351.19	C19H29NO3S	CHNOS
2	513.30096	351.18846	351.19	C19H29NO3S	CHNOS
2	513.30029	351.18779	351.19	C19H29NO3S	CHNOS
2	513.30023	351.18773	351.19	C19H29NO3S	CHNOS
2	513.30035	351.18785	351.19	C19H29NO3S	CHNOS
2	513.30048	351.18798	351.19	C19H29NO3S	CHNOS
2	513.30042	351.18792	351.19	C19H29NO3S	CHNOS
2	513.30048	351.18798	351.19	C19H29NO3S	CHNOS
2	513.30084	351.18834	351.19	C19H29NO3S	CHNOS
2	513.3009	351.1884	351.19	C19H29NO3S	CHNOS
2	513.30103	351.18853	351.19	C19H29NO3S	CHNOS
2	513.30139	351.18889	351.19	C19H29NO3S	CHNOS
2	513.30151	351.18901	351.19	C19H29NO3S	CHNOS
99	529.29486	367.18236	367.18	C19H29NO4S	CHNOS
115	529.2934	367.1809	367.18	C19H29NO4S	CHNOS
6	529.28998	367.17748	367.18	C19H29NO4S	CHNOS
39	529.29199	367.17949	367.18	C19H29NO4S	CHNOS
14	529.2937	367.1812	367.18	C19H29NO4S	CHNOS
12	529.29327	367.18077	367.18	C19H29NO4S	CHNOS
2	529.29272	367.18022	367.18	C19H29NO4S	CHNOS
2	529.2934	367.1809	367.18	C19H29NO4S	CHNOS
114	529.29425	367.18175	367.18	C19H29NO4S	CHNOS
2	529.2934	367.1809	367.18	C19H29NO4S	CHNOS
2	529.29352	367.18102	367.18	C19H29NO4S	CHNOS
4	529.29437	367.18187	367.18	C19H29NO4S	CHNOS
2	529.29376	367.18126	367.18	C19H29NO4S	CHNOS
9	529.2937	367.1812	367.18	C19H29NO4S	CHNOS
5	529.29584	367.18334	367.18	C19H29NO4S	CHNOS
2	529.29388	367.18138	367.18	C19H29NO4S	CHNOS
26	529.29553	367.18303	367.18	C19H29NO4S	CHNOS
2	529.29419	367.18169	367.18	C19H29NO4S	CHNOS
2	529.29419	367.18169	367.18	C19H29NO4S	CHNOS
4	529.29431	367.18181	367.18	C19H29NO4S	CHNOS
2	529.29425	367.18175	367.18	C19H29NO4S	CHNOS
2	529.29425	367.18175	367.18	C19H29NO4S	CHNOS
2	529.2948	367.1823	367.18	C19H29NO4S	CHNOS
2	529.29437	367.18187	367.18	C19H29NO4S	CHNOS
2	529.29437	367.18187	367.18	C19H29NO4S	CHNOS
2	529.29437	367.18187	367.18	C19H29NO4S	CHNOS
2	529.29443	367.18193	367.18	C19H29NO4S	CHNOS
2	529.29449	367.18199	367.18	C19H29NO4S	CHNOS
2	529.29443	367.18193	367.18	C19H29NO4S	CHNOS
2	529.29449	367.18199	367.18	C19H29NO4S	CHNOS
4	529.29462	367.18212	367.18	C19H29NO4S	CHNOS
2	529.29449	367.18199	367.18	C19H29NO4S	CHNOS
2	529.29456	367.18206	367.18	C19H29NO4S	CHNOS
2	529.29456	367.18206	367.18	C19H29NO4S	CHNOS
2	529.29456	367.18206	367.18	C19H29NO4S	CHNOS
2	529.29456	367.18206	367.18	C19H29NO4S	CHNOS
2	529.29468	367.18218	367.18	C19H29NO4S	CHNOS
2	529.29462	367.18212	367.18	C19H29NO4S	CHNOS
2	529.29462	367.18212	367.18	C19H29NO4S	CHNOS
2	529.29468	367.18218	367.18	C19H29NO4S	CHNOS
2	529.29468	367.18218	367.18	C19H29NO4S	CHNOS
2	529.2948	367.1823	367.18	C19H29NO4S	CHNOS
2	529.29468	367.18218	367.18	C19H29NO4S	CHNOS
2	529.29468	367.18218	367.18	C19H29NO4S	CHNOS
2	529.29474	367.18224	367.18	C19H29NO4S	CHNOS
2	529.29474	367.18224	367.18	C19H29NO4S	CHNOS
2	529.29486	367.18236	367.18	C19H29NO4S	CHNOS
2	529.2948	367.1823	367.18	C19H29NO4S	CHNOS
2	529.29486	367.18236	367.18	C19H29NO4S	CHNOS
2	529.29492	367.18242	367.18	C19H29NO4S	CHNOS
2	529.29492	367.18242	367.18	C19H29NO4S	CHNOS
2	529.29492	367.18242	367.18	C19H29NO4S	CHNOS
2	529.29504	367.18254	367.18	C19H29NO4S	CHNOS
2	529.2951	367.1826	367.18	C19H29NO4S	CHNOS
2	529.2951	367.1826	367.18	C19H29NO4S	CHNOS
2	529.2951	367.1826	367.18	C19H29NO4S	CHNOS
2	529.29517	367.18267	367.18	C19H29NO4S	CHNOS
2	529.29517	367.18267	367.18	C19H29NO4S	CHNOS
2	529.29517	367.18267	367.18	C19H29NO4S	CHNOS
2	529.29523	367.18273	367.18	C19H29NO4S	CHNOS
2	529.29547	367.18297	367.18	C19H29NO4S	CHNOS
2	529.29547	367.18297	367.18	C19H29NO4S	CHNOS
2	529.29553	367.18303	367.18	C19H29NO4S	CHNOS
2	529.2959	367.1834	367.18	C19H29NO4S	CHNOS
2	529.29584	367.18334	367.18	C19H29NO4S	CHNOS
2	534.33197	372.21947	372.22	C20H28N4O3	CHNO
224	553.29651	391.18401	391.18	C21H29NO4S	CHNOS
33	553.28796	391.17546	391.18	C21H29NO4S	CHNOS
1622	553.29327	391.18077	391.18	C21H29NO4S	CHNOS
1	553.28735	391.17485	391.17	C21H29NO4S	CHNOS
2	553.29413	391.18163	391.18	C21H29NO4S	CHNOS
52	553.29541	391.18291	391.18	C21H29NO4S	CHNOS
23	553.29474	391.18224	391.18	C21H29NO4S	CHNOS
2	553.28998	391.17748	391.18	C21H29NO4S	CHNOS
2	553.28998	391.17748	391.18	C21H29NO4S	CHNOS
3	553.28998	391.17748	391.18	C21H29NO4S	CHNOS
2	553.28998	391.17748	391.18	C21H29NO4S	CHNOS
2	553.28998	391.17748	391.18	C21H29NO4S	CHNOS
5	553.29462	391.18212	391.18	C21H29NO4S	CHNOS
5	553.29449	391.18199	391.18	C21H29NO4S	CHNOS
38	553.29456	391.18206	391.18	C21H29NO4S	CHNOS
136	553.29419	391.18169	391.18	C21H29NO4S	CHNOS
4	553.29535	391.18285	391.18	C21H29NO4S	CHNOS
2	553.29279	391.18029	391.18	C21H29NO4S	CHNOS
4	553.29388	391.18138	391.18	C21H29NO4S	CHNOS
23	553.29492	391.18242	391.18	C21H29NO4S	CHNOS
5	553.29303	391.18053	391.18	C21H29NO4S	CHNOS
6	553.29517	391.18267	391.18	C21H29NO4S	CHNOS
2	553.29309	391.18059	391.18	C21H29NO4S	CHNOS
2	553.2934	391.1809	391.18	C21H29NO4S	CHNOS
3	553.29364	391.18114	391.18	C21H29NO4S	CHNOS
12	553.29431	391.18181	391.18	C21H29NO4S	CHNOS
2	553.29401	391.18151	391.18	C21H29NO4S	CHNOS
2	553.29395	391.18145	391.18	C21H29NO4S	CHNOS
34	553.29456	391.18206	391.18	C21H29NO4S	CHNOS
4	553.29456	391.18206	391.18	C21H29NO4S	CHNOS
4	553.29419	391.18169	391.18	C21H29NO4S	CHNOS
2	553.29419	391.18169	391.18	C21H29NO4S	CHNOS
2	553.29419	391.18169	391.18	C21H29NO4S	CHNOS
3	553.29437	391.18187	391.18	C21H29NO4S	CHNOS
4	553.29425	391.18175	391.18	C21H29NO4S	CHNOS
2	553.29425	391.18175	391.18	C21H29NO4S	CHNOS
2	553.29425	391.18175	391.18	C21H29NO4S	CHNOS
2	553.29431	391.18181	391.18	C21H29NO4S	CHNOS
2	553.29437	391.18187	391.18	C21H29NO4S	CHNOS
2	553.29431	391.18181	391.18	C21H29NO4S	CHNOS
49	553.29584	391.18334	391.18	C21H29NO4S	CHNOS
4	553.29602	391.18352	391.18	C21H29NO4S	CHNOS
2	553.29431	391.18181	391.18	C21H29NO4S	CHNOS
2	553.29437	391.18187	391.18	C21H29NO4S	CHNOS
3	553.29602	391.18352	391.18	C21H29NO4S	CHNOS
2	553.29456	391.18206	391.18	C21H29NO4S	CHNOS
3	553.29517	391.18267	391.18	C21H29NO4S	CHNOS
2	553.29456	391.18206	391.18	C21H29NO4S	CHNOS
2	553.29462	391.18212	391.18	C21H29NO4S	CHNOS
2	553.29456	391.18206	391.18	C21H29NO4S	CHNOS
2	553.29449	391.18199	391.18	C21H29NO4S	CHNOS
2	553.29456	391.18206	391.18	C21H29NO4S	CHNOS
2	553.29449	391.18199	391.18	C21H29NO4S	CHNOS
2	553.29456	391.18206	391.18	C21H29NO4S	CHNOS
3	553.29468	391.18218	391.18	C21H29NO4S	CHNOS
2	553.29468	391.18218	391.18	C21H29NO4S	CHNOS
2	553.29462	391.18212	391.18	C21H29NO4S	CHNOS
2	553.29462	391.18212	391.18	C21H29NO4S	CHNOS
2	553.29468	391.18218	391.18	C21H29NO4S	CHNOS
2	553.2962	391.1837	391.18	C21H29NO4S	CHNOS
3	553.29474	391.18224	391.18	C21H29NO4S	CHNOS
2	553.29462	391.18212	391.18	C21H29NO4S	CHNOS
3	553.29602	391.18352	391.18	C21H29NO4S	CHNOS
2	553.29474	391.18224	391.18	C21H29NO4S	CHNOS
2	553.2948	391.1823	391.18	C21H29NO4S	CHNOS
2	553.29474	391.18224	391.18	C21H29NO4S	CHNOS
2	553.2948	391.1823	391.18	C21H29NO4S	CHNOS
2	553.2948	391.1823	391.18	C21H29NO4S	CHNOS
2	553.29547	391.18297	391.18	C21H29NO4S	CHNOS
2	553.29486	391.18236	391.18	C21H29NO4S	CHNOS
2	553.2959	391.1834	391.18	C21H29NO4S	CHNOS
2	553.29498	391.18248	391.18	C21H29NO4S	CHNOS
2	553.2951	391.1826	391.18	C21H29NO4S	CHNOS
2	553.29504	391.18254	391.18	C21H29NO4S	CHNOS
3	553.29694	391.18444	391.18	C21H29NO4S	CHNOS
2	553.29523	391.18273	391.18	C21H29NO4S	CHNOS
2	553.29529	391.18279	391.18	C21H29NO4S	CHNOS
2	553.29547	391.18297	391.18	C21H29NO4S	CHNOS
2	553.29553	391.18303	391.18	C21H29NO4S	CHNOS
2	553.29547	391.18297	391.18	C21H29NO4S	CHNOS
2	553.29572	391.18322	391.18	C21H29NO4S	CHNOS
2	553.29565	391.18315	391.18	C21H29NO4S	CHNOS
2	553.29578	391.18328	391.18	C21H29NO4S	CHNOS
5	553.29626	391.18376	391.18	C21H29NO4S	CHNOS
2	553.29602	391.18352	391.18	C21H29NO4S	CHNOS
2	553.29602	391.18352	391.18	C21H29NO4S	CHNOS
2	553.29614	391.18364	391.18	C21H29NO4S	CHNOS
3	553.29633	391.18383	391.18	C21H29NO4S	CHNOS
3	553.29633	391.18383	391.18	C21H29NO4S	CHNOS
2	553.29999	391.18749	391.19	C21H29NO4S	CHNOS
2	553.29669	391.18419	391.18	C21H29NO4S	CHNOS
3	553.2981	391.1856	391.19	C21H29NO4S	CHNOS
2	553.29999	391.18749	391.19	C21H29NO4S	CHNOS
62	555.30414	393.19164	393.19	C21H31NO4S	CHNOS
2993	555.3092	393.1967	393.2	C21H31NO4S	CHNOS
7	555.31	393.1975	393.2	C21H31NO4S	CHNOS
4	555.30902	393.19652	393.2	C21H31NO4S	CHNOS
58	555.30963	393.19713	393.2	C21H31NO4S	CHNOS
2	555.30615	393.19365	393.19	C21H31NO4S	CHNOS
2	555.3064	393.1939	393.19	C21H31NO4S	CHNOS
2	555.30713	393.19463	393.19	C21H31NO4S	CHNOS
2	555.30731	393.19481	393.19	C21H31NO4S	CHNOS
8	555.30841	393.19591	393.2	C21H31NO4S	CHNOS
2	555.30798	393.19548	393.2	C21H31NO4S	CHNOS
2	555.30817	393.19567	393.2	C21H31NO4S	CHNOS
2	555.30817	393.19567	393.2	C21H31NO4S	CHNOS
2	555.30823	393.19573	393.2	C21H31NO4S	CHNOS
2	555.31	393.1975	393.2	C21H31NO4S	CHNOS
10	555.30865	393.19615	393.2	C21H31NO4S	CHNOS
3	555.31061	393.19811	393.2	C21H31NO4S	CHNOS
2	555.30945	393.19695	393.2	C21H31NO4S	CHNOS
2	555.30865	393.19615	393.2	C21H31NO4S	CHNOS
11	555.31091	393.19841	393.2	C21H31NO4S	CHNOS
22	555.31097	393.19847	393.2	C21H31NO4S	CHNOS
5	555.31	393.1975	393.2	C21H31NO4S	CHNOS
6	555.31079	393.19829	393.2	C21H31NO4S	CHNOS
2	555.30878	393.19628	393.2	C21H31NO4S	CHNOS
2	555.30878	393.19628	393.2	C21H31NO4S	CHNOS
2	555.30884	393.19634	393.2	C21H31NO4S	CHNOS
2	555.30896	393.19646	393.2	C21H31NO4S	CHNOS
7	555.31049	393.19799	393.2	C21H31NO4S	CHNOS
2	555.30902	393.19652	393.2	C21H31NO4S	CHNOS
12	555.3111	393.1986	393.2	C21H31NO4S	CHNOS
3	555.30927	393.19677	393.2	C21H31NO4S	CHNOS
2	555.30914	393.19664	393.2	C21H31NO4S	CHNOS
2	555.30908	393.19658	393.2	C21H31NO4S	CHNOS
2	555.30914	393.19664	393.2	C21H31NO4S	CHNOS
4	555.31079	393.19829	393.2	C21H31NO4S	CHNOS
2	555.30927	393.19677	393.2	C21H31NO4S	CHNOS
2	555.30927	393.19677	393.2	C21H31NO4S	CHNOS
9	555.31036	393.19786	393.2	C21H31NO4S	CHNOS
3	555.30988	393.19738	393.2	C21H31NO4S	CHNOS
2	555.30945	393.19695	393.2	C21H31NO4S	CHNOS
2	555.30957	393.19707	393.2	C21H31NO4S	CHNOS
2	555.30957	393.19707	393.2	C21H31NO4S	CHNOS
2	555.30951	393.19701	393.2	C21H31NO4S	CHNOS
4	555.31128	393.19878	393.2	C21H31NO4S	CHNOS
2	555.30951	393.19701	393.2	C21H31NO4S	CHNOS
3	555.31049	393.19799	393.2	C21H31NO4S	CHNOS
2	555.30963	393.19713	393.2	C21H31NO4S	CHNOS
2	555.30963	393.19713	393.2	C21H31NO4S	CHNOS
4	555.30969	393.19719	393.2	C21H31NO4S	CHNOS
2	555.30969	393.19719	393.2	C21H31NO4S	CHNOS
9	555.30981	393.19731	393.2	C21H31NO4S	CHNOS
2	555.30975	393.19725	393.2	C21H31NO4S	CHNOS
5	555.31067	393.19817	393.2	C21H31NO4S	CHNOS
2	555.30981	393.19731	393.2	C21H31NO4S	CHNOS
2	555.31073	393.19823	393.2	C21H31NO4S	CHNOS
5	555.31024	393.19774	393.2	C21H31NO4S	CHNOS
2	555.30981	393.19731	393.2	C21H31NO4S	CHNOS
2	555.30981	393.19731	393.2	C21H31NO4S	CHNOS
4	555.31024	393.19774	393.2	C21H31NO4S	CHNOS
9	555.31	393.1975	393.2	C21H31NO4S	CHNOS
2	555.31	393.1975	393.2	C21H31NO4S	CHNOS
2	555.31	393.1975	393.2	C21H31NO4S	CHNOS
2	555.31	393.1975	393.2	C21H31NO4S	CHNOS
2	555.30994	393.19744	393.2	C21H31NO4S	CHNOS
2	555.30994	393.19744	393.2	C21H31NO4S	CHNOS
2	555.31	393.1975	393.2	C21H31NO4S	CHNOS
2	555.30994	393.19744	393.2	C21H31NO4S	CHNOS
2	555.31	393.1975	393.2	C21H31NO4S	CHNOS
2	555.30994	393.19744	393.2	C21H31NO4S	CHNOS
3	555.31067	393.19817	393.2	C21H31NO4S	CHNOS
3	555.31	393.1975	393.2	C21H31NO4S	CHNOS
2	555.31	393.1975	393.2	C21H31NO4S	CHNOS
2	555.31	393.1975	393.2	C21H31NO4S	CHNOS
2	555.31	393.1975	393.2	C21H31NO4S	CHNOS
2	555.31006	393.19756	393.2	C21H31NO4S	CHNOS
2	555.31006	393.19756	393.2	C21H31NO4S	CHNOS
2	555.31006	393.19756	393.2	C21H31NO4S	CHNOS
2	555.31	393.1975	393.2	C21H31NO4S	CHNOS
2	555.31018	393.19768	393.2	C21H31NO4S	CHNOS
2	555.31018	393.19768	393.2	C21H31NO4S	CHNOS
2	555.31018	393.19768	393.2	C21H31NO4S	CHNOS
2	555.31018	393.19768	393.2	C21H31NO4S	CHNOS
2	555.31018	393.19768	393.2	C21H31NO4S	CHNOS
2	555.31012	393.19762	393.2	C21H31NO4S	CHNOS
2	555.31018	393.19768	393.2	C21H31NO4S	CHNOS
2	555.31018	393.19768	393.2	C21H31NO4S	CHNOS
2	555.3103	393.1978	393.2	C21H31NO4S	CHNOS
2	555.31024	393.19774	393.2	C21H31NO4S	CHNOS
2	555.3103	393.1978	393.2	C21H31NO4S	CHNOS
2	555.31024	393.19774	393.2	C21H31NO4S	CHNOS
2	555.3103	393.1978	393.2	C21H31NO4S	CHNOS
2	555.31024	393.19774	393.2	C21H31NO4S	CHNOS
2	555.31067	393.19817	393.2	C21H31NO4S	CHNOS
2	555.31018	393.19768	393.2	C21H31NO4S	CHNOS
2	555.31024	393.19774	393.2	C21H31NO4S	CHNOS
2	555.31024	393.19774	393.2	C21H31NO4S	CHNOS
2	555.3103	393.1978	393.2	C21H31NO4S	CHNOS
2	555.31024	393.19774	393.2	C21H31NO4S	CHNOS
2	555.3103	393.1978	393.2	C21H31NO4S	CHNOS
2	555.3103	393.1978	393.2	C21H31NO4S	CHNOS
2	555.31036	393.19786	393.2	C21H31NO4S	CHNOS
2	555.31036	393.19786	393.2	C21H31NO4S	CHNOS
3	555.31042	393.19792	393.2	C21H31NO4S	CHNOS
2	555.31042	393.19792	393.2	C21H31NO4S	CHNOS
2	555.31049	393.19799	393.2	C21H31NO4S	CHNOS
2	555.31049	393.19799	393.2	C21H31NO4S	CHNOS
2	555.31042	393.19792	393.2	C21H31NO4S	CHNOS
2	555.31061	393.19811	393.2	C21H31NO4S	CHNOS
2	555.31055	393.19805	393.2	C21H31NO4S	CHNOS
2	555.31067	393.19817	393.2	C21H31NO4S	CHNOS
2	555.31067	393.19817	393.2	C21H31NO4S	CHNOS
2	555.31067	393.19817	393.2	C21H31NO4S	CHNOS
2	555.31067	393.19817	393.2	C21H31NO4S	CHNOS
2	555.31122	393.19872	393.2	C21H31NO4S	CHNOS
6	555.31073	393.19823	393.2	C21H31NO4S	CHNOS
2	555.31067	393.19817	393.2	C21H31NO4S	CHNOS
2	555.31079	393.19829	393.2	C21H31NO4S	CHNOS
3	555.31073	393.19823	393.2	C21H31NO4S	CHNOS
2	555.31073	393.19823	393.2	C21H31NO4S	CHNOS
2	555.31079	393.19829	393.2	C21H31NO4S	CHNOS
2	555.31073	393.19823	393.2	C21H31NO4S	CHNOS
2	555.31073	393.19823	393.2	C21H31NO4S	CHNOS
2	555.31073	393.19823	393.2	C21H31NO4S	CHNOS
2	555.31079	393.19829	393.2	C21H31NO4S	CHNOS
2	555.31073	393.19823	393.2	C21H31NO4S	CHNOS
2	555.31201	393.19951	393.2	C21H31NO4S	CHNOS
3	555.31128	393.19878	393.2	C21H31NO4S	CHNOS
2	555.31085	393.19835	393.2	C21H31NO4S	CHNOS
2	555.31122	393.19872	393.2	C21H31NO4S	CHNOS
2	555.31085	393.19835	393.2	C21H31NO4S	CHNOS
2	555.31091	393.19841	393.2	C21H31NO4S	CHNOS
2	555.31097	393.19847	393.2	C21H31NO4S	CHNOS
2	555.31104	393.19854	393.2	C21H31NO4S	CHNOS
2	555.3111	393.1986	393.2	C21H31NO4S	CHNOS
2	555.31104	393.19854	393.2	C21H31NO4S	CHNOS
4	555.31293	393.20043	393.2	C21H31NO4S	CHNOS
2	555.31122	393.19872	393.2	C21H31NO4S	CHNOS
2	555.31122	393.19872	393.2	C21H31NO4S	CHNOS
2	555.31128	393.19878	393.2	C21H31NO4S	CHNOS
2	555.31134	393.19884	393.2	C21H31NO4S	CHNOS
2	555.3114	393.1989	393.2	C21H31NO4S	CHNOS
2	555.3114	393.1989	393.2	C21H31NO4S	CHNOS
2	555.3114	393.1989	393.2	C21H31NO4S	CHNOS
2	555.31146	393.19896	393.2	C21H31NO4S	CHNOS
2	555.31165	393.19915	393.2	C21H31NO4S	CHNOS
3	555.31354	393.20104	393.2	C21H31NO4S	CHNOS
2	555.31165	393.19915	393.2	C21H31NO4S	CHNOS
3	555.31171	393.19921	393.2	C21H31NO4S	CHNOS
2	555.31177	393.19927	393.2	C21H31NO4S	CHNOS
2	555.31183	393.19933	393.2	C21H31NO4S	CHNOS
3	555.31256	393.20006	393.2	C21H31NO4S	CHNOS
2	555.31293	393.20043	393.2	C21H31NO4S	CHNOS
2	555.31396	393.20146	393.2	C21H31NO4S	CHNOS
108	557.33002	395.21752	395.22	C21H33NO4S	CHNOS
597	557.32593	395.21343	395.21	C21H33NO4S	CHNOS
34	557.32001	395.20751	395.21	C21H33NO4S	CHNOS
19	557.32159	395.20909	395.21	C21H33NO4S	CHNOS
22	557.32648	395.21398	395.21	C21H33NO4S	CHNOS
51	557.32593	395.21343	395.21	C21H33NO4S	CHNOS
3	557.32941	395.21691	395.22	C21H33NO4S	CHNOS
3	557.32544	395.21294	395.21	C21H33NO4S	CHNOS
3	557.3252	395.2127	395.21	C21H33NO4S	CHNOS
2	557.3252	395.2127	395.21	C21H33NO4S	CHNOS
2	557.3252	395.2127	395.21	C21H33NO4S	CHNOS
2	557.32532	395.21282	395.21	C21H33NO4S	CHNOS
2	557.32526	395.21276	395.21	C21H33NO4S	CHNOS
9	557.32556	395.21306	395.21	C21H33NO4S	CHNOS
2	557.32556	395.21306	395.21	C21H33NO4S	CHNOS
2	557.3255	395.213	395.21	C21H33NO4S	CHNOS
2	557.3255	395.213	395.21	C21H33NO4S	CHNOS
2	557.32556	395.21306	395.21	C21H33NO4S	CHNOS
3	557.32562	395.21312	395.21	C21H33NO4S	CHNOS
2	557.32574	395.21324	395.21	C21H33NO4S	CHNOS
5	557.32629	395.21379	395.21	C21H33NO4S	CHNOS
2	557.32593	395.21343	395.21	C21H33NO4S	CHNOS
2	557.32605	395.21355	395.21	C21H33NO4S	CHNOS
2	557.32611	395.21361	395.21	C21H33NO4S	CHNOS
2	557.32617	395.21367	395.21	C21H33NO4S	CHNOS
2	557.32617	395.21367	395.21	C21H33NO4S	CHNOS
2	557.32611	395.21361	395.21	C21H33NO4S	CHNOS
4	557.32977	395.21727	395.22	C21H33NO4S	CHNOS
2	557.3266	395.2141	395.21	C21H33NO4S	CHNOS
2	557.3266	395.2141	395.21	C21H33NO4S	CHNOS
2	557.32684	395.21434	395.21	C21H33NO4S	CHNOS
2	557.32739	395.21489	395.21	C21H33NO4S	CHNOS
2	557.33002	395.21752	395.22	C21H33NO4S	CHNOS
2	612.5213	450.4088	450.41	C25H46B6OSi	CHBOSi
6	624.51971	462.40721	462.41	C32H50N2	CHN
2	624.51941	462.40691	462.41	C32H50N2	CHN
2	626.5368	464.4243	464.42	C26H52N6O	CHNO
4	640.51453	478.40203	478.4	C32H50N2O	CHNO
4	640.5163	478.4038	478.4	C32H50N2O	CHNO
2	640.5163	478.4038	478.4	C32H50N2O	CHNO
2	640.55127	478.43877	478.44	C27H54N6O	CHNO
2	640.55219	478.43969	478.44	C27H54N6O	CHNO
