formula_reported	exact_mass_reported	delta_mass_r2_reported	source_reported	mass_defect_reported
C6H17N	103.1361	-58.98	chebi	0.0001939185212549
C6H17N	103.1361	-58.97	chebi	0.0002908777818823
C7H16NO2	146.1181	-16.0	zhang	0.0
C7H16NO2	146.1181	-15.99	zhang	6.84377910744787e-05
C7H14NO3	160.09737	-2.02	hmdb, zhang	-0.0001249239759528
C7H14NO3	160.09737	-2.01	hmdb, zhang	-6.246198797644075e-05
C7H16NO3	162.11302	0.0	chebi, hmdb, lipidmaps, pubchem, stein, zhang	0.0
C9H18NO4	204.12358	42.01	hmdb, lipidmaps, pubchem, stein, zhang, emily	4.8989930511693015e-05
C10H18NO4	216.12358	54.01	chebi, hmdb, lipidmaps, pubchem, zhang	4.626982395904237e-05
C10H20NO4	218.13923	56.02	chebi, hmdb, lipidmaps, pubchem, stein, zhang, emily	9.168456311138132e-05
C10H20NO4	218.13923	56.03	chebi, hmdb, lipidmaps, pubchem, stein, zhang, emily	0.000137526844667
C9H18NO5	220.1185	58.0	pubchem	0.0
C9H18NO5	220.1185	58.01	pubchem	4.543007516405032e-05
C11H20NO4	230.13923	68.02	chebi, hmdb, lipidmaps, pubchem, stein, zhang, emily	8.690391464330537e-05
C11H20NO4	230.13923	68.03	chebi, hmdb, lipidmaps, pubchem, stein, zhang, emily	0.0001303558719649
C11H22NO4	232.15488	70.04	hmdb, lipidmaps, pubchem, stein, zhang, emily	0.0001722987688219
C11H22NO4	232.15488	70.05	hmdb, lipidmaps, pubchem, stein, zhang, emily	0.0002153734610273
C10H20NO5	234.13415	72.02	chebi, hmdb, lipidmaps, pubchem, zhang	8.542111434831706e-05
C10H20NO5	234.13415	72.03	chebi, hmdb, lipidmaps, pubchem, zhang	0.0001281316715225
C12H20NO4	242.13923	80.02	pubchem, zhang	8.259710745754012e-05
C12H20NO4	242.13923	80.03	pubchem, zhang	0.0001238956611863
C12H22NO4	244.15488	82.04	hmdb, lipidmaps, pubchem, stein, zhang, emily	0.0001638304341899
C12H22NO4	244.15488	82.05	hmdb, lipidmaps, pubchem, stein, zhang, emily	0.0002047880427374
C11H20NO5	246.13415	84.02	pubchem	8.125650178975986e-05
C11H20NO5	246.13415	84.03	pubchem	0.0001218847526846
C12H24NO4	246.17053	84.05	hmdb, lipidmaps, pubchem, stein, zhang, emily	0.0002031112335014
C12H24NO4	246.17053	84.06	hmdb, lipidmaps, pubchem, stein, zhang, emily	0.0002437334802017
C11H23N2O4	247.16578	85.05	stein, zhang	0.0002022933757253
C11H23N2O4	247.16578	85.06	stein, zhang	0.0002427520508704
C10H18NO6	248.11341	86.0	hmdb, lipidmaps, pubchem, stein, zhang	0.0
C10H18NO6	248.11341	86.01	hmdb, lipidmaps, pubchem, stein, zhang	4.030414962256621e-05
C11H22NO5	248.1498	86.03	chebi, hmdb, lipidmaps, pubchem, stein, zhang	0.0001208947176262
C11H22NO5	248.1498	86.04	chebi, hmdb, lipidmaps, pubchem, stein, zhang	0.0001611929568349
C9H16NO7	250.09268	87.97	pubchem	-0.0001199555300858
C9H16NO7	250.09268	87.98	pubchem	-7.997035339057513e-05
C12H19N2O4	255.13448	93.02	stein, zhang	7.83900317981169e-05
C12H19N2O4	255.13448	93.03	stein, zhang	0.0001175850476972
C12H18NO5	256.1185	94.0	stein, zhang	0.0
C12H18NO5	256.1185	94.01	stein, zhang	3.904442670094162e-05
C13H22NO4	256.15488	94.04	pubchem, stein, zhang	0.0001561555259068
C13H22NO4	256.15488	94.05	pubchem, stein, zhang	0.0001951944073835
C12H20NO5	258.13415	96.02	zhang	7.747909371927745e-05
C12H20NO5	258.13415	96.03	zhang	0.0001162186405789
C13H24NO4	258.17053	96.05	chebi, hmdb, lipidmaps, pubchem, stein, zhang, emily	0.0001936704394571
C13H24NO4	258.17053	96.06	chebi, hmdb, lipidmaps, pubchem, stein, zhang, emily	0.0002324045273486
C11H18NO6	260.11341	98.0	lipidmaps, pubchem, zhang	0.0
C11H18NO6	260.11341	98.01	lipidmaps, pubchem, zhang	3.844476914898434e-05
C12H22NO5	260.1498	98.03	stein, zhang	0.0001153181743749
C12H22NO5	260.1498	98.04	stein, zhang	0.0001537575658332
C13H26NO4	260.18618	98.07	hmdb, lipidmaps, pubchem, stein, zhang, emily	0.0002690381172435
C13H26NO4	260.18618	98.08	hmdb, lipidmaps, pubchem, stein, zhang, emily	0.0003074721339926
C11H19NO6	261.12124	99.0	chebi	0.0
C11H19NO6	261.12124	99.01	chebi	3.829638676656528e-05
C11H20NO6	262.12906	100.01	chebi, hmdb, lipidmaps, pubchem, stein, zhang, emily	3.814914683631459e-05
C11H20NO6	262.12906	100.02	chebi, hmdb, lipidmaps, pubchem, stein, zhang, emily	7.629829367257497e-05
C12H24NO5	262.16545	100.05	chebi, hmdb, lipidmaps, pubchem, stein, zhang	0.000190719257629
C12H24NO5	262.16545	100.06	chebi, hmdb, lipidmaps, pubchem, stein, zhang	0.0002288631091549
C11H22NO4S	264.12695	102.01	pubchem	3.786058181493829e-05
C11H22NO4S	264.12695	102.02	pubchem	7.572116362982277e-05
C14H20NO4	266.13923	104.02	stein, zhang	7.51486355468753e-05
C14H20NO4	266.13923	104.03	stein, zhang	0.0001127229533203
C13H19N2O4	267.13448	105.02	stein, zhang	7.48686579134076e-05
C13H19N2O4	267.13448	105.03	stein, zhang	0.0001123029868701
C13H20NO5	270.13415	108.02	stein, zhang	7.403728851015698e-05
C13H20NO5	270.13415	108.03	stein, zhang	0.0001110559327652
C14H24NO4	270.17053	108.05	stein, zhang	0.0001850682974194
C14H24NO4	270.17053	108.06	stein, zhang	0.0002220819569033
C13H22NO5	272.1498	110.03	zhang	0.0001102334082185
C13H22NO5	272.1498	110.04	zhang	0.0001469778776247
C14H26NO4	272.18618	110.07	stein, zhang, emily	0.0002571769073653
C14H26NO4	272.18618	110.08	stein, zhang, emily	0.0002939164655604
C12H20NO6	274.12906	112.01	hmdb, lipidmaps, pubchem, zhang	3.6479167878097695e-05
C12H20NO6	274.12906	112.02	hmdb, lipidmaps, pubchem, zhang	7.295833575614355e-05
C13H24NO5	274.16545	112.05	stein, zhang	0.0001823716299774
C13H24NO5	274.16545	112.06	stein, zhang	0.0002188459559729
C14H28NO4	274.20183	112.08	lipidmaps, pubchem, stein, zhang, emily	0.0002917558938246
C14H28NO4	274.20183	112.09	lipidmaps, pubchem, stein, zhang, emily	0.0003282253805527
C12H23N2O5	275.1607	113.04	stein, zhang	0.0001453695967483
C12H23N2O5	275.1607	113.05	pubchem, stein, zhang	0.0001817119959354
C13H25NO5	275.17327	113.07	pubchem	0.0002543851733854
C12H22NO6	276.14471	114.03	chebi, hmdb, lipidmaps, pubchem, stein, zhang, emily	0.0001086386916483
C12H22NO6	276.14471	114.04	chebi, hmdb, lipidmaps, pubchem, stein, zhang, emily	0.0001448515888644
C13H26NO5	276.1811	114.06	chebi, hmdb, lipidmaps, pubchem, stein, zhang, emily	0.000217248754531
C13H26NO5	276.1811	114.07	chebi, hmdb, lipidmaps, pubchem, stein, zhang, emily	0.0002534568802861
C11H20NO7	278.12398	116.01	zhang	3.5955188042415884e-05
C11H20NO7	278.12398	116.02	zhang	7.191037608478068e-05
C12H24NO6	278.16036	116.04	zhang	0.0001438019421602
C12H24NO6	278.16036	116.05	zhang	0.0001797524277003
C15H22NO4	280.15488	118.04	pubchem, stein, zhang	0.0001427781661344
C15H22NO4	280.15488	118.05	pubchem, stein, zhang	0.0001784727076679
C15H23NO4	281.16271	119.04	pubchem	0.0001422663766471
C15H23NO4	281.16271	119.06	pubchem	0.0002133995649707
C14H20NO5	282.13415	120.02	zhang	7.088826361500734e-05
C14H20NO5	282.13415	120.03	zhang	0.0001063323954225
C14H22NO5	284.1498	122.03	zhang	0.0001055781140792
C14H22NO5	284.1498	122.04	zhang	0.0001407708187723
C15H26NO4	284.18618	122.07	stein, zhang	0.0002463173965742
C15H26NO4	284.18618	122.08	stein, zhang	0.0002815055960849
C13H20NO6	286.12906	124.01	stein, zhang	3.494926380426062e-05
C13H20NO6	286.12906	124.02	stein, zhang	6.989852760847159e-05
C14H24NO5	286.16545	124.05	stein, zhang	0.0001747240975456
C14H24NO5	286.16545	124.06	stein, zhang	0.0002096689170548
C15H28NO4	286.20183	124.08	chebi, hmdb, lipidmaps, pubchem, stein, zhang, emily	0.0002795230205201
C15H28NO4	286.20183	124.09	chebi, hmdb, lipidmaps, pubchem, stein, zhang, emily	0.0003144633980852
C13H22NO6	288.14471	126.03	lipidmaps, pubchem, stein, zhang	0.0001041143528194
C13H22NO6	288.14471	126.04	lipidmaps, pubchem, stein, zhang	0.0001388191370926
C14H26NO5	288.1811	126.06	stein, zhang	0.0002082024116085
C14H26NO5	288.1811	126.07	stein, zhang	0.0002429028135432
C15H30NO4	288.21748	126.1	hmdb, lipidmaps, pubchem, stein, zhang, emily	0.0003469602190678
C15H30NO4	288.21748	126.11	hmdb, lipidmaps, pubchem, stein, zhang, emily	0.0003816562409746
C13H25N2O5	289.17635	127.06	stein, zhang	0.0002074858473039
C13H25N2O5	289.17635	127.07	stein, zhang	0.0002420668218545
C15H31NO4	289.22531	127.11	pubchem	0.0003803263275956
C15H31NO4	289.22531	127.12	pubchem	0.0004149014482861
C12H20NO7	290.12398	128.01	zhang	3.446802294657237e-05
C12H20NO7	290.12398	128.02	zhang	6.893604589324272e-05
C13H24NO6	290.16036	128.04	hmdb, lipidmaps, pubchem, stein, zhang, emily	0.0001378548055288
C13H24NO6	290.16036	128.05	hmdb, lipidmaps, pubchem, stein, zhang, emily	0.0001723185069111
C14H28NO5	290.19675	128.08	chebi, pubchem, stein, zhang, emily	0.0002756750377115
C14H28NO5	290.19675	128.09	chebi, pubchem, stein, zhang, emily	0.0003101344174254
C12H22NO7	292.13963	130.02	pubchem, zhang	6.846041394661255e-05
C12H22NO7	292.13963	130.03	pubchem, zhang	0.0001026906209198
C13H26NO4S	292.15825	130.04	stein, zhang	0.000136912101575
C13H26NO4S	292.15825	130.05	stein, zhang	0.0001711401269688
C11H20NO6S	294.10113	131.98	stein, zhang	-6.800381895849986e-05
C11H20NO6S	294.10113	131.99	stein, zhang	-3.400190947920161e-05
C16H24NO4	294.17053	132.05	stein, zhang	0.0001699694391549
C16H24NO4	294.17053	132.06	stein, zhang	0.0002039633269858
C10H19BrNO4	296.04975	133.93	pubchem	-0.0002364467458594
C10H19BrNO4	296.04975	133.94	pubchem	-0.000202668639308
C15H22NO5	296.1498	134.03	pubchem, stein, zhang	0.0001013000852946
C15H22NO5	296.1498	134.04	pubchem, stein, zhang	0.0001350667803928
C16H26NO4	296.18618	134.07	zhang	0.0002363378331831
C16H26NO4	296.18618	134.08	zhang	0.0002701003807808
C15H25N2O4	297.18143	135.06	stein, zhang	0.0002018968681858
C15H25N2O4	297.18143	135.07	stein, zhang	0.0002355463462168
C15H24NO5	298.16545	136.05	stein, zhang	0.0001676921320025
C15H24NO5	298.16545	136.06	stein, zhang	0.000201230558403
C16H28NO4	298.20183	136.08	stein, zhang	0.0002682746782607
C16H28NO4	298.20183	136.09	stein, zhang	0.0003018090130432
C17H32NO3	298.23822	136.12	hmdb, pubchem	0.0004023629164632
C17H32NO3	298.23822	136.13	hmdb, pubchem	0.0004358931595018
C13H18NO7	300.10833	137.99	stein, zhang	-3.332130101150776e-05
C13H18NO7	300.10833	138.0	pubchem, stein, zhang	0.0
C12H18N3O6	300.11956	138.01	pubchem	3.33200541810434e-05
C15H26NO5	300.1811	138.06	stein, zhang	0.0001998793395053
C15H26NO5	300.1811	138.07	stein, zhang	0.0002331925627562
C16H30NO4	300.21748	138.1	stein, zhang, emily	0.000333091863938
C16H30NO4	300.21748	138.11	stein, zhang, emily	0.0003664010503319
C14H25N2O5	301.17635	139.06	stein, zhang	0.0001992188297653
C14H25N2O5	301.17635	139.07	stein, zhang	0.0002324219680595
C14H24NO6	302.16036	140.04	stein, zhang	0.0001323800382022
C14H24NO6	302.16036	140.05	stein, zhang	0.0001654750477528
C15H28NO5	302.19675	140.08	chebi, lipidmaps, pubchem, stein, zhang	0.0002647281944627
C15H28NO5	302.19675	140.09	chebi, lipidmaps, pubchem, stein, zhang	0.0002978192187705
C16H32NO4	302.23313	140.11	chebi, hmdb, lipidmaps, pubchem, stein, zhang, emily	0.000363957452315
C16H32NO4	302.23313	140.13	chebi, hmdb, lipidmaps, pubchem, stein, zhang, emily	0.0004301315345541
C14H27N2O5	303.192	141.07	stein, zhang	0.0002308768041372
C10H29N3O7	303.20055	141.08	stein, zhang	0.0002638517641211
C14H27N2O5	303.192	141.09	stein, zhang	0.0002968416053194
C13H22NO7	304.13963	142.02	stein, zhang	6.575926984592647e-05
C13H22NO7	304.13963	142.03	stein, zhang	9.863890476884296e-05
C14H26NO6	304.17601	142.06	hmdb, pubchem, stein, zhang, emily	0.0001972542147554
C14H26NO6	304.17601	142.07	hmdb, pubchem, stein, zhang, emily	0.0002301299172146
C15H30NO5	304.2124	142.09	hmdb, lipidmaps, pubchem, stein, zhang, emily	0.0002958459286998
C15H30NO5	304.2124	142.11	hmdb, lipidmaps, pubchem, stein, zhang, emily	0.0003615894684109
C14H27NO6	305.18384	143.06	hmdb	0.0001966028083269
C14H27NO6	305.18384	143.08	hmdb	0.0002621370777692
C13H24NO5S	306.13752	144.02	stein, zhang	6.533011700104656e-05
C13H24NO5S	306.13752	144.03	stein, zhang	9.799517550152344e-05
C13H24NO7	306.15528	144.04	stein, zhang	0.0001306526544307
C13H24NO7	306.15528	144.05	stein, zhang	0.0001633158180385
C17H24NO4	306.17053	144.06	stein, zhang	0.0001959692201597
C14H28NO6	306.19166	144.07	zhang	0.0002286149792583
C14H28NO6	306.19166	144.08	zhang	0.0002612742620096
C16H22NO5	308.1498	146.03	stein, zhang	9.735524735048064e-05
C16H22NO5	308.1498	146.04	stein, zhang	0.0001298069964672
C13H26NO5S	308.15317	146.05	stein, zhang	0.000162256971103
C17H26NO4	308.18618	146.07	stein, zhang	0.0002271354283309
C17H26NO4	308.18618	146.08	stein, zhang	0.000259583346664
C15H20NO6	310.12906	148.01	stein, zhang	3.2244640344219616e-05
C15H20NO6	310.12906	148.02	stein, zhang	6.448928068853087e-05
C16H24NO5	310.16545	148.05	stein, zhang	0.000161204286293
C16H24NO5	310.16545	148.06	stein, zhang	0.0001934451435516
C17H28NO4	310.20183	148.08	lipidmaps, pubchem, stein, zhang	0.0002578966087982
C17H28NO4	310.20183	148.1	lipidmaps, pubchem, stein, zhang	0.0003223707609977
C15H22NO6	312.14471	150.03	stein, zhang	9.610926931935237e-05
C15H22NO6	312.14471	150.04	stein, zhang	0.0001281456924257
C16H26NO5	312.1811	150.06	stein, zhang	0.0001921961323091
C16H26NO5	312.1811	150.07	stein, zhang	0.0002242288210272
C17H30NO4	312.21748	150.1	chebi, hmdb, lipidmaps, pubchem, stein, zhang	0.0003202895622627
C17H30NO4	312.21748	150.11	chebi, hmdb, lipidmaps, pubchem, stein, zhang	0.0003523185184891
C15H24NO4S	314.1426	152.02	stein, zhang	6.36653545237425e-05
C15H24NO4S	314.1426	152.04	stein, zhang	0.0001273307090473
C15H24NO6	314.16036	152.05	stein, zhang	0.0001591543885422
C16H28NO5	314.19675	152.08	stein, zhang	0.0002546175286663
C16H28NO5	314.19675	152.09	stein, zhang	0.0002864447197496
C17H32NO4	314.23313	152.11	chebi, hmdb, lipidmaps, pubchem, stein, zhang, emily	0.0003500585695722
C17H32NO4	314.23313	152.13	chebi, hmdb, lipidmaps, pubchem, stein, zhang, emily	0.0004137055822216
C15H27N2O5	315.192	153.07	stein, zhang	0.0002220868549962
C15H27N2O5	315.192	153.09	stein, zhang	0.0002855402421381
C14H22NO5S	316.12187	154.0	stein, zhang	0.0
C14H22NO5S	316.12187	154.02	stein, zhang	6.326673950147845e-05
C15H26NO6	316.17601	154.06	stein, zhang	0.0001897677183034
C15H26NO6	316.17601	154.07	stein, zhang	0.000221395671354
C16H30NO5	316.2124	154.09	stein, zhang	0.0002846188195023
C16H30NO5	316.2124	154.11	stein, zhang	0.0003478674460584
C17H34NO4	316.24878	154.13	hmdb, lipidmaps, pubchem, stein, zhang, emily	0.0004110687794589
C17H34NO4	316.24878	154.14	hmdb, lipidmaps, pubchem, stein, zhang, emily	0.0004426894548019
C15H29N2O5	317.20765	155.09	stein, zhang	0.0002837258180879
C15H29N2O5	317.20765	155.1	stein, zhang	0.0003152509089865
C12H20N3O7	318.13012	156.01	pubchem	3.143367877266983e-05
C12H20N3O7	318.13012	156.02	pubchem	6.2867357545429e-05
C14H24NO7	318.15528	156.04	stein, zhang	0.0001257247718786
C14H24NO7	318.15528	156.05	stein, zhang	0.0001571559648483
C15H28NO6	318.19166	156.07	hmdb, pubchem, stein, zhang, emily	0.0002199931952961
C15H28NO6	318.19166	156.09	hmdb, pubchem, stein, zhang	0.0002828483939522
C16H32NO5	318.22805	156.11	pubchem, stein, zhang, emily	0.0003456640607263
C16H32NO5	318.22805	156.12	pubchem, stein, zhang, emily	0.0003770880662468
C17H23N2O4	319.16578	157.05	stein, zhang	0.0001566583986541
C17H23N2O4	319.16578	157.06	stein, zhang	0.0001879900783849
C14H26NO7	320.17093	158.05	stein, zhang	0.0001561665826438
C14H26NO7	320.17093	158.06	stein, zhang	0.0001873998991726
C18H26NO4	320.18618	158.07	zhang	0.0002186228025206
C18H26NO4	320.18618	158.08	zhang	0.0002498546314522
C15H30NO6	320.20731	158.09	stein, zhang	0.0002810679119099
C15H30NO6	320.20731	158.1	stein, zhang	0.0003122976798999
C17H24NO5	322.16545	160.05	stein, zhang	0.000155199758385
C17H24NO5	322.16545	160.06	stein, zhang	0.000186239710062
C18H28NO4	322.20183	160.08	stein, zhang	0.000248291575501
C18H28NO4	322.20183	160.1	stein, zhang	0.0003103644693762
C17H27N2O4	323.19708	161.08	stein, zhang	0.0002475269887958
C17H27N2O4	323.19708	161.09	stein, zhang	0.0002784678623953
C16H22NO6	324.14471	162.03	stein, zhang	9.255125588815298e-05
C16H22NO6	324.14471	162.04	stein, zhang	0.0001234016745175
C17H26NO5	324.1811	162.06	stein, zhang	0.0001850817336359
C17H26NO5	324.1811	162.07	stein, zhang	0.0002159286892418
C16H26N3O4	324.19233	162.09	stein, zhang	0.0002776129836261
C16H24NO6	326.16036	164.04	stein, zhang	0.0001226390601236
C16H24NO6	326.16036	164.05	stein, zhang	0.0001532988251546
C17H28NO5	326.19675	164.08	stein, zhang	0.0002452507574033
C17H28NO5	326.19675	164.09	stein, zhang	0.0002759071020787
C18H32NO4	326.23313	164.11	stein, zhang	0.0003371821862482
C18H32NO4	326.23313	164.13	stein, zhang	0.0003984880382933
C15H23N2O6	327.15561	165.04	stein, zhang	0.0001222659761206
C15H23N2O6	327.15561	165.05	stein, zhang	0.0001528324701508
C15H22NO7	328.13963	166.02	stein, zhang	6.094966341008622e-05
C15H22NO7	328.13963	166.03	stein, zhang	9.142449511508604e-05
C16H26NO6	328.17601	166.06	stein, zhang	0.0001828287204783
C16H26NO6	328.17601	166.07	stein, zhang	0.0002133001738914
C17H30NO5	328.2124	166.09	stein, zhang	0.0002742126744754
C17H30NO5	328.2124	166.11	stein, zhang	0.0003351488243589
C18H34NO4	328.24878	166.13	chebi, stein, zhang, emily	0.000396041075918
C18H34NO4	328.24878	166.14	chebi, stein, zhang, emily	0.0004265057740655
C15H25N2O6	329.17126	167.05	stein, zhang	0.0001518966145465
C15H25N2O6	329.17126	167.06	stein, zhang	0.0001822759374557
C16H29N2O5	329.20765	167.09	stein, zhang	0.0002733836835201
C16H29N2O5	329.20765	167.1	stein, zhang	0.0003037596483556
C16H28NO6	330.19166	168.07	stein, zhang	0.0002119980862023
C16H28NO6	330.19166	168.09	stein, zhang	0.0002725689679745
C17H32NO5	330.22805	168.11	lipidmaps, pubchem, stein, zhang	0.0003331031388763
C17H32NO5	330.22805	168.12	lipidmaps, pubchem, stein, zhang	0.0003633852424105
C18H36NO4	330.26443	168.14	chebi, lipidmaps, pubchem, stein, zhang, emily	0.0004239027496845
C18H36NO4	330.26443	168.16	chebi, lipidmaps, pubchem, stein, zhang, emily	0.0004844602853537
C16H31N2O5	331.2233	169.1	stein, zhang	0.0003019111276289
C16H31N2O5	331.2233	169.12	stein, zhang	0.0003622933531548
C15H26NO7	332.17093	170.05	stein, zhang	0.0001505249119783
C15H26NO7	332.17093	170.06	stein, zhang	0.0001806298943739
C16H30NO6	332.20731	170.09	pubchem, stein, zhang, emily	0.0002709151704097
C16H30NO6	332.20731	170.1	pubchem, stein, zhang, emily	0.0003010168560107
C17H34NO5	332.2437	170.12	chebi, hmdb, lipidmaps, pubchem, stein, zhang, emily	0.0003611806634708
C17H34NO5	332.2437	170.14	chebi, hmdb, lipidmaps, pubchem, stein, zhang, emily	0.0004213774407159
C18H25N2O4	333.18143	171.06	stein, zhang	0.0001800820651979
C18H25N2O4	333.18143	171.08	stein, zhang	0.0002401094202639
C15H28NO7	334.18658	172.07	stein, zhang	0.0002094638270632
C15H28NO7	334.18658	172.08	stein, zhang	0.0002393872309295
C19H28NO4	334.20183	172.1	zhang	0.0002992203842809
C17H23N2O5	335.1607	173.04	stein, zhang	0.0001193457347475
C17H23N2O5	335.1607	173.05	stein, zhang	0.0001491821684344
C17H22NO6	336.14471	174.02	stein, zhang	5.9498184576548095e-05
C17H22NO6	336.14471	174.04	stein, zhang	0.000118996369153
C15H27ClNO5	336.15778	174.05	stein, zhang	0.0001487396781356
C18H26NO5	336.1811	174.06	stein, zhang	0.0001784752325457
C18H26NO5	336.1811	174.07	stein, zhang	0.0002082211046367
C19H30NO4	336.21748	174.1	stein, zhang	0.0002974265347536
C19H30NO4	336.21748	174.11	stein, zhang	0.000327169188229
C17H25N2O5	337.17635	175.06	stein, zhang	0.0001779484237254
C17H25N2O5	337.17635	175.07	stein, zhang	0.0002076064943463
C17H24NO6	338.16036	176.04	zhang	0.0001182870753981
C17H24NO6	338.16036	176.05	zhang	0.0001478588442477
C18H28NO5	338.19675	176.08	pubchem, stein, zhang	0.000236548695397
C18H28NO5	338.19675	176.09	pubchem, stein, zhang	0.0002661172823216
C19H32NO4	338.23313	176.11	stein, zhang	0.0003252194721434
C19H32NO4	338.23313	176.13	stein, zhang	0.0003843502852603
C17H27N2O5	339.192	177.07	stein, zhang	0.0002063727918111
C17H27N2O5	339.192	177.09	stein, zhang	0.0002653364466143
C17H26NO4S	340.15825	178.04	stein, zhang	0.0001175923265127
C17H26NO4S	340.15825	178.05	stein, zhang	0.0001469904081409
C17H26NO6	340.17601	178.06	stein, zhang	0.0001763792808317
C17H26NO6	340.17601	178.07	stein, zhang	0.0002057758276369
C19H34NO4	340.24878	178.13	lipidmaps, stein, zhang	0.0003820733758398
C19H34NO4	340.24878	178.14	lipidmaps, stein, zhang	0.0004114636355198
C16H25N2O6	341.17126	179.05	stein, zhang	0.0001465539623707
C16H25N2O6	341.17126	179.07	stein, zhang	0.0002051755473189
C17H29N2O5	341.20765	179.09	stein, zhang	0.0002637689981452
C17H29N2O5	341.20765	179.1	stein, zhang	0.0002930766646058
C17H28NO4S	342.1739	180.05	stein, zhang	0.0001461245290772
C17H28NO4S	342.1739	180.07	stein, zhang	0.000204574340708
C17H28NO6	342.19166	180.09	stein, zhang	0.000263010501191
C18H32NO5	342.22805	180.11	stein, zhang	0.0003214230978437
C18H32NO5	342.22805	180.12	stein, zhang	0.0003506433794658
C17H32N3O4	342.23928	180.13	stein, zhang	0.0003798511965078
C19H36NO4	342.26443	180.14	chebi, hmdb, lipidmaps, pubchem, stein, zhang, emily	0.0004090404603247
C19H36NO4	342.26443	180.16	chebi, hmdb, lipidmaps, pubchem, stein, zhang, emily	0.0004674748117997
C17H31N2O5	343.2233	181.1	stein, zhang	0.0002913555111205
C17H31N2O5	343.2233	181.12	stein, zhang	0.0003496266133447
C17H30NO6	344.20731	182.09	stein, zhang	0.0002614703330966
C17H30NO6	344.20731	182.1	stein, zhang	0.0002905225923295
C18H34NO5	344.2437	182.12	stein, zhang	0.0003485902574252
C18H34NO5	344.2437	182.14	stein, zhang	0.0004066886336626
C19H38NO4	344.28008	182.16	hmdb, lipidmaps, pubchem, zhang, emily	0.0004647378959595
C19H38NO4	344.28008	182.17	hmdb, lipidmaps, pubchem, zhang, emily	0.000493784014457
C16H28NO7	346.18658	184.07	stein, zhang	0.0002022031009982
C16H28NO7	346.18658	184.08	stein, zhang	0.0002310892582838
C17H32NO6	346.22296	184.1	hmdb, lipidmaps, pubchem, stein, zhang, emily	0.0002888312202055
C17H32NO6	346.22296	184.12	hmdb, lipidmaps, pubchem, stein, zhang, emily	0.0003465974642467
C18H36NO5	346.25935	184.14	pubchem, stein, zhang, emily	0.0004043212118314
C18H36NO5	346.25935	184.15	pubchem, stein, zhang, emily	0.0004332012983909
C16H30NO7	348.20223	186.08	zhang	0.0002297515440955
C20H30NO4	348.21748	186.1	stein, zhang	0.0002871768528104
C20H30NO4	348.21748	186.11	stein, zhang	0.0003158945380915
C17H34NO6	348.23861	186.12	stein, zhang	0.00034459131341
C17H34NO6	348.23861	186.13	stein, zhang	0.0003733072561942
C18H24NO6	350.16036	188.04	stein, zhang	0.0001142333758167
C18H24NO6	350.16036	188.05	stein, zhang	0.0001427917197709
C20H32NO4	350.23313	188.11	stein, zhang	0.0003140765124076
C20H32NO4	350.23313	188.13	stein, zhang	0.0003711813328453
C14H27N2O6S	351.15898	189.04	stein, zhang	0.0001139085208642
C14H27N2O6S	351.15898	189.05	stein, zhang	0.0001423856510803
C18H26NO6	352.17601	190.06	zhang	0.0001703693559365
C18H26NO6	352.17601	190.07	zhang	0.0001987642485926
C19H30NO5	352.2124	190.09	stein, zhang	0.0002555276304866
C19H30NO5	352.2124	190.11	stein, zhang	0.0003123115483725
C20H34NO4	352.24878	190.13	zhang	0.0003690573463448
C20H34NO4	352.24878	190.14	zhang	0.0003974463729866
C17H24NO7	354.15528	192.04	stein, zhang	0.0001129448077125
C17H24NO7	354.15528	192.05	stein, zhang	0.0001411810096407
C18H28NO6	354.19166	192.07	stein, zhang	0.000197633111971
C18H28NO6	354.19166	192.09	stein, zhang	0.0002540997153913
C19H32NO5	354.22805	192.11	stein, zhang	0.0003105344142001
C19H32NO5	354.22805	192.12	stein, zhang	0.000338764815491
C20H36NO4	354.26443	192.14	stein, zhang	0.0003951850317007
C20H36NO4	354.26443	192.16	stein, zhang	0.0004516400362294
C21H40NO3	354.30082	192.18	hmdb, pubchem	0.0005080428546566
C21H40NO3	354.30082	192.19	hmdb, pubchem	0.0005362674576931
C17H26NO7	356.17093	194.05	stein, zhang	0.0001403820351088
C17H26NO7	356.17093	194.07	stein, zhang	0.0001965348491523
C19H34NO5	356.2437	194.12	stein, zhang	0.0003368480621552
C19H34NO5	356.2437	194.14	stein, zhang	0.0003929894058477
C20H38NO4	356.28008	194.16	stein, zhang, emily	0.0004490848884955
C20H38NO4	356.28008	194.17	stein, zhang, emily	0.0004771526940265
C18H32NO6	358.22296	196.1	stein, zhang	0.0002791557526072
C18H32NO6	358.22296	196.12	stein, zhang	0.0003349869031287
C19H36NO5	358.25935	196.14	lipidmaps, stein, zhang	0.0003907783565173
C19H36NO5	358.25935	196.15	lipidmaps, stein, zhang	0.0004186910962686
C20H40NO4	358.29573	196.18	pubchem, stein, zhang, emily	0.0005023783007405
C20H40NO4	358.29573	196.19	pubchem, stein, zhang, emily	0.0005302882063372
C17H30NO7	360.20223	198.08	stein, zhang	0.0002220974589746
C17H30NO7	360.20223	198.1	stein, zhang	0.0002776218237182
C18H34NO6	360.23861	198.12	pubchem, stein, zhang, emily	0.0003331125444882
C18H34NO6	360.23861	198.13	pubchem, stein, zhang, emily	0.0003608719231955
C19H38NO5	360.275	198.15	hmdb, lipidmaps, pubchem, stein, zhang, emily	0.0004163486225799
C19H38NO5	360.275	198.17	hmdb, lipidmaps, pubchem, stein, zhang, emily	0.0004718617722572
C15H31N5O5	361.23252	199.11	pubchem	0.0003045130045324
C15H31N5O5	361.23252	199.13	pubchem	0.0003598790053564
C16H28NO8	362.18149	200.06	stein, zhang	0.0001656628007135
C16H28NO8	362.18149	200.08	stein, zhang	0.0002208837342847
C17H32NO7	362.21788	200.1	stein, zhang	0.0002760769291675
C17H32NO7	362.21788	200.11	stein, zhang	0.0003036846220844
C18H36NO4S	362.2365	200.12	stein, zhang	0.0003312752856214
C18H36NO4S	362.2365	200.13	stein, zhang	0.0003588815594231
C18H36NO6	362.25426	200.15	zhang	0.0004140738055088
C19H26NO6	364.17601	202.06	stein, zhang	0.0001647554983097
C19H26NO6	364.17601	202.07	stein, zhang	0.000192214748028
C21H34NO4	364.24878	202.13	zhang	0.0003568989304507
C21H34NO4	364.24878	202.14	zhang	0.0003843526943315
C15H29N2O6S	365.17463	203.05	stein, zhang	0.0001369207932106
C15H29N2O6S	365.17463	203.07	stein, zhang	0.0001916891104948
C19H28NO6	366.19166	204.07	zhang	0.0001911567292384
C17H33ClNO5	366.20473	204.08	stein, zhang	0.0002184570363141
C19H28NO6	366.19166	204.09	zhang	0.0002457729375923
C17H33ClNO5	366.20473	204.1	stein, zhang	0.0002730712953925
C20H32NO5	366.22805	204.11	zhang	0.0003003592979839
C20H32NO5	366.22805	204.12	zhang	0.0003276646887096
C21H36NO4	366.26443	204.14	stein, zhang	0.0003822374998303
C21H36NO4	366.26443	204.16	stein, zhang	0.0004368428569489
C19H30NO6	368.20731	206.09	stein, zhang	0.0002444275210071
C19H30NO6	368.20731	206.1	stein, zhang	0.0002715861344523
C21H38NO4	368.28008	206.16	chebi, hmdb, lipidmaps, pubchem, stein, zhang	0.0004344519529809
C21H38NO4	368.28008	206.17	chebi, hmdb, lipidmaps, pubchem, stein, zhang	0.0004616052000422
C19H32NO6	370.22296	208.1	stein, zhang	0.0002701075049478
C19H32NO6	370.22296	208.12	stein, zhang	0.0003241290059374
C20H36NO5	370.25935	208.14	stein, zhang	0.0003781133413646
C20H36NO5	370.25935	208.15	stein, zhang	0.0004051214371764
C21H40NO4	370.29573	208.18	chebi, hmdb, lipidmaps, pubchem, stein, zhang, emily	0.0004860979628363
C21H40NO4	370.29573	208.19	chebi, hmdb, lipidmaps, pubchem, stein, zhang, emily	0.0005131034052161
C19H34NO6	372.23861	210.12	stein, zhang	0.0003223738665905
C19H34NO6	372.23861	210.13	stein, zhang	0.0003492383554731
C20H38NO5	372.275	210.15	stein, zhang	0.0004029279430528
C20H38NO5	372.275	210.17	stein, zhang	0.0004566516687931
C21H42NO4	372.31138	210.19	hmdb, lipidmaps, pubchem, zhang, emily	0.0005103255237591
C21H42NO4	372.31138	210.21	hmdb, lipidmaps, pubchem, zhang, emily	0.0005640439999443
C18H32NO7	374.21788	212.1	zhang	0.0002672240032998
C18H32NO7	374.21788	212.11	zhang	0.0002939464036299
C19H36NO6	374.25426	212.13	chebi, hmdb, lipidmaps, pubchem, stein, zhang, emily	0.0003473574355573
C19H36NO6	374.25426	212.15	chebi, hmdb, lipidmaps, pubchem, stein, zhang, emily	0.0004007970410276
C20H40NO5	374.29065	212.17	pubchem, zhang, emily	0.0004541924838357
C20H40NO5	374.29065	212.19	pubchem, zhang, emily	0.0005076268936987
C15H22NO8S	376.10661	213.99	stein, zhang	-2.6588205934458065e-05
C15H22NO8S	376.10661	214.0	stein, zhang	0.0
C17H30NO8	376.19714	214.08	stein, zhang	0.0002126544609031
C17H30NO8	376.19714	214.09	stein, zhang	0.000239236268516
C18H34NO7	376.23353	214.11	stein, zhang	0.0002923716022865
C18H34NO7	376.23353	214.13	stein, zhang	0.0003455300754294
C22H34NO4	376.24878	214.14	zhang	0.0003720942297805
C19H38NO6	376.26991	214.15	stein, zhang	0.0003986500010059
C19H38NO6	376.26991	214.16	stein, zhang	0.0004252266677396
C22H36NO4	378.26443	216.14	zhang	0.0003701114588014
C22H36NO4	378.26443	216.16	zhang	0.0004229845243445
C16H31N2O6S	379.19028	217.07	stein, zhang	0.0001846038880532
C16H31N2O6S	379.19028	217.08	stein, zhang	0.0002109758720608
C20H30NO6	380.20731	218.09	stein, zhang	0.0002367129658817
C20H30NO6	380.20731	218.1	stein, zhang	0.0002630144065351
C21H34NO5	380.2437	218.12	zhang	0.0003155870827051
C21H34NO5	380.2437	218.14	zhang	0.0003681849298226
C20H32NO6	382.22296	220.1	zhang	0.0002616274019749
C20H32NO6	382.22296	220.12	zhang	0.00031395288237
C21H36NO5	382.25935	220.14	stein, zhang	0.0003662434941093
C21H36NO5	382.25935	220.15	stein, zhang	0.0003924037436886
C22H40NO4	382.29573	220.18	zhang	0.0004708396821487
C22H40NO4	382.29573	220.19	zhang	0.000496997442268
C21H38NO5	384.275	222.15	chebi, hmdb, lipidmaps, pubchem, stein, zhang	0.0003903454557283
C21H38NO5	384.275	222.17	chebi, hmdb, lipidmaps, pubchem, stein, zhang	0.000442391516492
C22H42NO4	384.31138	222.19	zhang, emily	0.0004943907723991
C22H42NO4	384.31138	222.21	zhang, emily	0.0005464319063359
C19H32NO7	386.21788	224.1	stein, zhang	0.0002589212078943
C19H32NO7	386.21788	224.11	stein, zhang	0.0002848133286838
C20H36NO6	386.25426	224.13	stein, zhang	0.0003365658672605
C20H36NO6	386.25426	224.15	stein, zhang	0.0003883452314545
C21H40NO5	386.29065	224.17	chebi, hmdb, lipidmaps, pubchem, stein, zhang	0.0004400831342927
C21H40NO5	386.29065	224.19	chebi, hmdb, lipidmaps, pubchem, stein, zhang	0.0004918576206801
C22H44NO4	386.32703	224.21	chebi, hmdb, lipidmaps, pubchem, zhang, emily	0.000543580913818
C22H44NO4	386.32703	224.22	chebi, hmdb, lipidmaps, pubchem, zhang, emily	0.0005694657192379
C19H34NO7	388.23353	226.11	stein, zhang	0.0002833346207887
C19H34NO7	388.23353	226.13	stein, zhang	0.0003348500063866
C20H38NO6	388.26991	226.15	pubchem, stein, zhang, emily	0.0003863291904335
C20H38NO6	388.26991	226.16	pubchem, stein, zhang, emily	0.0004120844697957
C21H42NO5	388.3063	226.19	chebi, hmdb, lipidmaps, pubchem, zhang, emily	0.0004893044485757
C21H42NO5	388.3063	226.2	chebi, hmdb, lipidmaps, pubchem, zhang, emily	0.0005150573142902
C16H24NO8S	390.12226	228.0	stein, zhang	0.0
C16H24NO8S	390.12226	228.02	stein, zhang	5.126598005458656e-05
C19H33ClNO5	390.20473	228.08	stein, zhang	0.0002050205798376
C19H33ClNO5	390.20473	228.1	stein, zhang	0.000256275724797
C19H36NO7	390.24918	228.13	stein, zhang	0.0003331204949616
C19H36NO7	390.24918	228.14	stein, zhang	0.0003587451484202
C23H36NO4	390.26443	228.16	stein, zhang	0.0004099784343656
C23H38NO4	392.28008	230.16	stein, zhang	0.0004078718450347
C23H38NO4	392.28008	230.17	stein, zhang	0.0004333638353494
C16H29N2O7S	393.16955	231.05	stein, zhang	0.0001271715981057
C16H29N2O7S	393.16955	231.06	stein, zhang	0.0001526059177268
C21H32NO6	394.22296	232.1	zhang	0.0002536635613511
C21H32NO6	394.22296	232.12	zhang	0.0003043962736214
C23H40NO4	394.29573	232.17	lipidmaps, pubchem, zhang	0.0004311484681814
C23H40NO4	394.29573	232.19	lipidmaps, pubchem, zhang	0.0004818718173792
C21H34NO6	396.23861	234.12	stein, zhang	0.0003028478219222
C21H34NO6	396.23861	234.13	stein, zhang	0.0003280851404157
C23H42NO4	396.31138	234.19	chebi, hmdb, lipidmaps, pubchem, zhang	0.0004794210047664
C23H42NO4	396.31138	234.21	chebi, hmdb, lipidmaps, pubchem, zhang	0.0005298863736893
C21H36NO6	398.25426	236.13	stein, zhang	0.0003264246313397
C21H36NO6	398.25426	236.15	stein, zhang	0.000376643805392
C23H44NO4	398.32703	236.21	chebi, hmdb, lipidmaps, pubchem, zhang, emily	0.0005272049953527
C23H44NO4	398.32703	236.22	chebi, hmdb, lipidmaps, pubchem, zhang, emily	0.0005523099951313
C21H38NO6	400.26991	238.15	chebi, lipidmaps, stein, zhang	0.0003747471300053
C21H38NO6	400.26991	238.16	chebi, lipidmaps, stein, zhang	0.0003997302720056
C22H42NO5	400.3063	238.19	zhang	0.000474636547064
C22H42NO5	400.3063	238.2	zhang	0.0004996174179621
C23H46NO4	400.34268	238.22	chebi, hmdb, lipidmaps, pubchem, zhang, emily	0.0005495292183186
C23H46NO4	400.34268	238.24	chebi, hmdb, lipidmaps, pubchem, zhang, emily	0.000599486419984
C23H47NO4	401.35051	239.23	pubchem	0.0005730651743783
C23H47NO4	401.35051	239.25	pubchem	0.0006228969286721
C20H36NO7	402.24918	240.13	zhang	0.0003231827595024
C20H36NO7	402.24918	240.14	zhang	0.0003480429717718
C21H40NO6	402.28556	240.16	lipidmaps, pubchem, stein, zhang, emily	0.0003977274252647
C21H40NO6	402.28556	240.18	lipidmaps, pubchem, stein, zhang, emily	0.0004474433534228
C22H44NO5	402.32195	240.2	pubchem, zhang, emily	0.0004971143135491
C22H44NO5	402.32195	240.22	pubchem, zhang, emily	0.000546825744904
C19H35N2O7	403.24443	241.12	stein, zhang	0.0002975862555621
C19H35N2O7	403.24443	241.14	stein, zhang	0.0003471839648224
C19H34NO8	404.22844	242.11	stein, zhang	0.0002721233567831
C19H34NO8	404.22844	242.12	stein, zhang	0.0002968618437634
C20H38NO7	404.26483	242.14	zhang	0.0003463076419484
C20H38NO7	404.26483	242.16	zhang	0.0003957801622268
C24H38NO4	404.28008	242.18	zhang	0.0004452358869623
C21H42NO6	404.30121	242.2	zhang	0.000494680686214
C17H31N2O7S	407.1852	245.06	stein, zhang	0.0001473530963306
C17H31N2O7S	407.1852	245.08	stein, zhang	0.0001964707951075
C18H35N2O6S	407.22158	245.1	stein, zhang	0.0002455665537174
C18H35N2O6S	407.22158	245.12	stein, zhang	0.000294679864461
C24H42NO4	408.31138	246.19	zhang	0.0004653311401705
C24H42NO4	408.31138	246.21	zhang	0.0005143133654516
C22H36NO6	410.25426	248.13	zhang	0.0003168766608297
C22H36NO6	410.25426	248.15	zhang	0.000365626916342
C23H40NO5	410.29065	248.17	stein, zhang	0.0004143404194075
C23H40NO5	410.29065	248.19	stein, zhang	0.0004630863511025
C24H44NO4	410.32703	248.21	zhang	0.0005117869032415
C24H44NO4	410.32703	248.22	zhang	0.0005361577081578
C25H48NO3	410.36342	248.24	hmdb, pubchem	0.0005848474505841
C25H48NO3	410.36342	248.26	hmdb, pubchem	0.0006335847381328
C22H38NO6	412.26991	250.15	zhang	0.0003638393109989
C22H38NO6	412.26991	250.17	zhang	0.0004123512191321
C23H42NO5	412.3063	250.19	chebi, hmdb, lipidmaps, zhang	0.0004608224516579
C23H42NO5	412.3063	250.2	chebi, hmdb, lipidmaps, zhang	0.000485076264903
C24H46NO4	412.34268	250.22	chebi, pubchem, zhang, emily	0.0005335368145737
C24H46NO4	412.34268	250.24	chebi, pubchem, zhang, emily	0.0005820401613531
C25H50NO3	412.37907	250.26	hmdb, pubchem	0.0006304878664186
C25H50NO3	412.37907	250.27	hmdb, pubchem	0.0006547373997424
C21H36NO7	414.24918	252.13	stein, zhang	0.0003138207781123
C21H36NO7	414.24918	252.14	stein, zhang	0.0003379608379671
C22H40NO6	414.28556	252.16	zhang	0.0003862070403805
C22H40NO6	414.28556	252.18	zhang	0.0004344829204281
C23H44NO5	414.32195	252.2	chebi, hmdb, lipidmaps, pubchem, zhang	0.00048271639965
C23H44NO5	414.32195	252.22	chebi, hmdb, lipidmaps, pubchem, zhang	0.000530988039615
C24H48NO4	414.35833	252.24	chebi, hmdb, lipidmaps, pubchem, zhang, emily	0.0005792088215048
C24H48NO4	414.35833	252.25	chebi, hmdb, lipidmaps, pubchem, zhang, emily	0.0006033425224008
C21H38NO7	416.26483	254.14	stein, zhang	0.0003363243538974
C21H38NO7	416.26483	254.16	stein, zhang	0.0003843706901685
C22H42NO6	416.30121	254.18	pubchem, stein, zhang, emily	0.0004323792381002
C22H42NO6	416.30121	254.2	pubchem, stein, zhang, emily	0.0004804213756668
C23H46NO5	416.3376	254.22	chebi, hmdb, lipidmaps, pubchem, zhang, emily	0.0005284173228649
C23H46NO5	416.3376	254.23	chebi, hmdb, lipidmaps, pubchem, zhang, emily	0.000552436292086
C21H40NO7	418.28048	256.16	stein, zhang	0.0003825184479085
C25H40NO4	418.29573	256.17	zhang	0.0004064110336484
C21H40NO7	418.28048	256.18	stein, zhang	0.000430333253897
C25H40NO4	418.29573	256.19	zhang	0.0004542240964305
C25H42NO4	420.31138	258.19	chebi, lipidmaps, pubchem, zhang	0.0004520458142246
C25H42NO4	420.31138	258.21	chebi, lipidmaps, pubchem, zhang	0.000499629584143
C19H37N2O6S	421.23723	259.12	stein, zhang	0.0002848751047005
C19H37N2O6S	421.23723	259.13	stein, zhang	0.0003086146967588
C23H36NO6	422.25426	260.13	zhang	0.0003078713758861
C23H36NO6	422.25426	260.15	zhang	0.0003552362029455
C24H40NO5	422.29065	260.17	zhang	0.0004025663367162
C24H40NO5	422.29065	260.19	zhang	0.0004499270822122
C25H44NO4	422.32703	260.21	chebi, hmdb, lipidmaps, pubchem, zhang	0.000497244990452
C25H44NO4	422.32703	260.22	chebi, hmdb, lipidmaps, pubchem, zhang	0.0005209233233308
C23H38NO6	424.26991	262.15	zhang	0.0003535485229201
C23H38NO6	424.26991	262.17	zhang	0.0004006883259763
C24H42NO5	424.3063	262.18	zhang	0.0004242218416271
C24H42NO5	424.3063	262.2	zhang	0.0004713576018079
C25H46NO4	424.34268	262.22	chebi, hmdb, lipidmaps, pubchem, zhang, emily	0.0005184489102063
C25H46NO4	424.34268	262.24	chebi, hmdb, lipidmaps, pubchem, zhang, emily	0.0005655806293159
C23H40NO6	426.28556	264.16	zhang	0.0003753352564886
C23H40NO6	426.28556	264.18	zhang	0.0004222521635497
C24H44NO5	426.32195	264.2	zhang	0.0004691290232651
C24H44NO5	426.32195	264.22	zhang	0.0005160419255917
C25H48NO4	426.35833	264.24	chebi, hmdb, lipidmaps, pubchem, zhang, emily	0.0005629067925095
C25H48NO4	426.35833	264.25	chebi, hmdb, lipidmaps, pubchem, zhang, emily	0.0005863612421973
C23H42NO6	428.30121	266.18	chebi, stein, zhang	0.0004202649812733
C23H42NO6	428.30121	266.2	chebi, stein, zhang	0.0004669610903036
C24H46NO5	428.3376	266.22	zhang	0.0005136135608922
C24H46NO5	428.3376	266.23	zhang	0.0005369596318418
C25H50NO4	428.37398	266.25	hmdb, lipidmaps, pubchem, zhang, emily	0.0005836022066513
C25H50NO4	428.37398	266.27	hmdb, lipidmaps, pubchem, zhang, emily	0.0006302903831833
C23H43NO6	429.30904	267.19	pubchem	0.0004425716262578
C23H43NO6	429.30904	267.2	pubchem	0.000465864869745
C22H40NO7	430.28048	268.16	zhang	0.0003718504729752
C26H40NO4	430.29573	268.17	zhang	0.0003950771252134
C22H40NO7	430.28048	268.18	zhang	0.0004183317820971
C26H40NO4	430.29573	268.19	zhang	0.0004415567870032
C23H44NO6	430.31686	268.2	hmdb, lipidmaps, pubchem, stein, zhang, emily	0.0004647737948264
C23H44NO6	430.31686	268.21	hmdb, lipidmaps, pubchem, stein, zhang, emily	0.0004880124845677
C24H48NO5	430.35325	268.23	zhang, emily	0.0005344446684206
C24H48NO5	430.35325	268.25	zhang, emily	0.0005809181178485
C20H35N2O6S	431.22158	269.1	stein, zhang	0.0002318993404736
C20H35N2O6S	431.22158	269.12	stein, zhang	0.0002782792085683
C27H30NO4	432.21748	270.1	pubchem	0.0002313650063389
C27H30NO4	432.21748	270.11	pubchem	0.0002545015069728
C26H42NO4	432.31138	270.19	zhang	0.0004394980303317
C26H42NO4	432.31138	270.21	zhang	0.0004857609808929
C20H37N2O6S	433.23723	271.12	stein, zhang	0.0002769845056945
C20H37N2O6S	433.23723	271.13	hmdb, pubchem, stein, zhang	0.0003000665478356
C20H37N2O8	433.25499	271.15	hmdb, pubchem	0.0003462164394228
C26H44NO4	434.32703	272.21	zhang	0.0004835066332389
C26H44NO4	434.32703	272.22	zhang	0.0005065307586314
C27H48NO3	434.36342	272.24	chebi	0.0005525327155772
C27H48NO3	434.36342	272.26	chebi	0.0005985771085419
C20H39N2O6S	435.25288	273.13	stein, zhang	0.0002986769438492
C20H39N2O6S	435.25288	273.15	stein, zhang	0.0003446272429029
C25H42NO5	436.3063	274.18	zhang	0.0004125542079039
C25H42NO5	436.3063	274.2	zhang	0.0004583935643376
C26H46NO4	436.34268	274.22	zhang	0.0005041908804337
C26H46NO4	436.34268	274.24	zhang	0.0005500264150186
C25H44NO5	438.32195	276.2	lipidmaps, zhang	0.000456285613805
C25H44NO5	438.32195	276.22	lipidmaps, zhang	0.0005019141751856
C26H48NO4	438.35833	276.24	zhang, emily	0.0005474972951922
C26H48NO4	438.35833	276.25	zhang, emily	0.0005703096824919
C19H38NO8S	440.23181	278.11	stein, zhang	0.0002498683591265
C19H38NO8S	440.23181	278.13	stein, zhang	0.0002952989698767
C24H42NO6	440.30121	278.18	zhang	0.0004088110500536
C24H42NO6	440.30121	278.2	zhang	0.0004542345000596
C25H46NO5	440.3376	278.22	lipidmaps, pubchem, zhang	0.0004996166577644
C25H46NO5	440.3376	278.23	lipidmaps, pubchem, zhang	0.0005223265058446
C26H50NO4	440.37398	278.25	pubchem, zhang	0.0005676992995816
C26H50NO4	440.37398	278.27	pubchem, zhang	0.0006131152435481
C16H29N2O8S2	441.13653	279.01	stein, zhang	2.2668718911106512e-05
C16H29N2O8S2	441.13653	279.03	stein, zhang	6.800615673331953e-05
C24H44NO6	442.31686	280.2	zhang	0.0004521645410486
C24H44NO6	442.31686	280.21	zhang	0.000474772768101
C25H48NO5	442.35325	280.23	chebi, hmdb, lipidmaps, pubchem, zhang	0.0005199464455161
C25H48NO5	442.35325	280.25	chebi, hmdb, lipidmaps, pubchem, zhang	0.0005651591799088
C26H52NO4	442.38963	280.27	pubchem, zhang, emily	0.0006103217202446
C26H52NO4	442.38963	280.29	pubchem, zhang, emily	0.0006555307365591
C25H49NO5	443.36107	281.24	hmdb	0.0005413195163932
C25H49NO5	443.36107	281.26	hmdb	0.0005864294760926
C23H42NO7	444.29613	282.17	stein, zhang	0.0003826276857284
C23H42NO7	444.29613	282.19	stein, zhang	0.0004276427075788
C27H42NO4	444.31138	282.21	pubchem, zhang, emily	0.0004726415065037
C24H46NO6	444.33251	282.23	pubchem, zhang, emily	0.0005176303665019
C25H50NO5	444.3689	282.25	lipidmaps, pubchem, zhang, emily	0.0005625956271917
C25H50NO5	444.3689	282.26	lipidmaps, pubchem, zhang, emily	0.0005850994522793
C23H44NO7	446.31178	284.19	zhang	0.0004257113715438
C23H44NO7	446.31178	284.21	chebi, pubchem, zhang, emily	0.0004705230948642
C27H44NO4	446.32703	284.22	chebi, pubchem, zhang, emily	0.0004929121142405
C27H46NO4	448.34268	286.22	hmdb, lipidmaps, pubchem, zhang, emily	0.0004906960898748
C27H46NO4	448.34268	286.24	hmdb, lipidmaps, pubchem, zhang, emily	0.000535304825318
C20H37N2O7S	449.23215	287.11	stein, zhang	0.0002448622610826
C20H37N2O7S	449.23215	287.13	hmdb, pubchem, stein, zhang	0.0002893826721885
C20H37N2O9	449.24991	287.15	hmdb, pubchem	0.00033388988325
C26H44NO5	450.32195	288.2	zhang	0.0004441266964668
C26H44NO5	450.32195	288.22	zhang	0.0004885393661135
C27H48NO4	450.35833	288.24	chebi, pubchem, zhang	0.0005329089838307
C27H48NO4	450.35833	288.25	chebi, pubchem, zhang	0.0005551135248236
C19H35N2O8S	451.21141	289.09	stein, zhang	0.0001994630410608
C19H35N2O8S	451.21141	289.11	stein, zhang	0.0002437881612967
C27H50NO4	452.37398	290.25	lipidmaps, zhang, emily	0.0005526400965855
C27H50NO4	452.37398	290.27	lipidmaps, zhang, emily	0.0005968513043123
C19H37N2O8S	453.22706	291.1	stein, zhang	0.000220639959141
C19H37N2O8S	453.22706	291.12	stein, zhang	0.0002647679509692
C25H44NO6	454.31686	292.19	zhang	0.0004182103213162
C25H44NO6	454.31686	292.21	zhang	0.0004622324604021
C26H48NO5	454.35325	292.23	zhang	0.0005062140526121
C26H48NO5	454.35325	292.25	zhang	0.0005502326658827
C27H52NO4	454.38963	292.27	lipidmaps, pubchem, zhang, emily	0.0005942037013476
C27H52NO4	454.38963	292.29	lipidmaps, pubchem, zhang, emily	0.0006382187903364
C25H46NO6	456.33251	294.21	lipidmaps, pubchem, zhang	0.0004601907499423
C25H46NO6	456.33251	294.23	lipidmaps, pubchem, zhang	0.0005040184404131
C26H50NO5	456.3689	294.25	zhang	0.000547802446661
C26H50NO5	456.3689	294.27	zhang	0.0005916266423938
C27H54NO4	456.40528	294.28	hmdb, lipidmaps, pubchem, zhang, emily	0.0006134898351745
C27H54NO4	456.40528	294.3	hmdb, lipidmaps, pubchem, zhang, emily	0.000657310537687
C22H37N2O6S	457.23723	295.12	stein, zhang	0.0002624458205207
C22H37N2O6S	457.23723	295.13	stein, zhang	0.0002843163055641
C25H48NO6	458.34816	296.23	lipidmaps, pubchem, zhang, emily	0.0005018019489813
C25H48NO6	458.34816	296.24	lipidmaps, pubchem, zhang, emily	0.000523619425024
C26H52NO5	458.38455	296.26	zhang, emily	0.0005672093442067
C26H52NO5	458.38455	296.28	zhang, emily	0.0006108408322225
C28H46NO4	460.34268	298.22	zhang	0.0004779048512295
C28H46NO4	460.34268	298.24	zhang	0.0005213507467958
C24H33N2O7	461.22878	299.11	stein, zhang	0.0002384933568109
C24H33N2O7	461.22878	299.13	stein, zhang	0.0002818557853219
C21H36NO10	462.23392	300.11	stein, zhang	0.0002379747466391
C21H36NO10	462.23392	300.13	stein, zhang	0.0002812428823916
C26H42NO6	464.30121	302.18	zhang	0.0003876793687442
C26H42NO6	464.30121	302.2	zhang	0.0004307548541602
C27H46NO5	464.3376	302.22	lipidmaps, zhang	0.0004737932056332
C27H46NO5	464.3376	302.23	lipidmaps, zhang	0.0004953292604346
C28H50NO4	464.37398	302.25	zhang	0.0005383591905816
C28H50NO4	464.37398	302.27	zhang	0.0005814279258281
C26H44NO6	466.31686	304.19	zhang	0.0004074482745487
C26H44NO6	466.31686	304.21	zhang	0.0004503375666064
C27H48NO5	466.35325	304.23	zhang	0.0004931883716903
C27H48NO5	466.35325	304.25	zhang	0.0005360743170547
C28H52NO4	466.38963	304.27	zhang	0.0005789151015214
C28H52NO4	466.38963	304.29	zhang	0.0006217977016341
C26H46NO6	468.33251	306.21	zhang	0.0004483993648016
C26H46NO6	468.33251	306.23	zhang	0.0004911040662114
C27H50NO5	468.3689	306.25	pubchem, zhang	0.0005337672932596
C27H50NO5	468.3689	306.27	pubchem, zhang	0.0005764686767203
C28H54NO4	468.40528	306.28	zhang, emily	0.0005977729371453
C28H54NO4	468.40528	306.3	zhang, emily	0.0006404710040843
C27H52NO5	470.38455	308.26	zhang	0.0005527392428173
C27H52NO5	470.38455	308.28	zhang	0.0005952576461109
C28H56NO4	470.42093	308.3	pubchem, zhang, emily	0.0006377267269974
C28H56NO4	470.42093	308.32	pubchem, zhang, emily	0.0006802418421306
C29H46NO4	472.34268	310.22	chebi, lipidmaps, pubchem, zhang	0.000465763542689
C29H46NO4	472.34268	310.24	chebi, lipidmaps, pubchem, zhang, emily	0.0005081056829334
C26H50NO6	472.36381	310.26	pubchem, emily	0.000550423200287
C27H54NO5	472.4002	310.28	lipidmaps, pubchem, zhang, emily	0.000592717784624
C27H54NO5	472.4002	310.3	lipidmaps, pubchem, zhang, emily	0.0006350547692401
C22H37N2O7S	473.23215	311.11	stein, zhang	0.0002324440552063
C22H37N2O7S	473.23215	311.13	stein, zhang	0.0002747066106983
C29H48NO4	474.35833	312.24	lipidmaps, pubchem, zhang	0.0005059466332129
C29H48NO4	474.35833	312.25	lipidmaps, pubchem, zhang	0.0005270277429301
C22H39N2O7S	475.2478	313.13	stein, zhang	0.0002735415082405
C22H39N2O7S	475.2478	313.14	stein, zhang	0.0002945831627205
C22H38NO10	476.24957	314.13	stein, zhang	0.0002729661257226
C22H38NO10	476.24957	314.15	stein, zhang	0.0003149609142953
C29H50NO4	476.37398	314.25	lipidmaps, zhang	0.0005247977649828
C29H50NO4	476.37398	314.27	lipidmaps, zhang	0.0005667815861814
C22H41N2O7S	477.26345	315.14	stein, zhang	0.0002933390352854
C22H41N2O7S	477.26345	315.16	stein, zhang	0.0003352446117548
C23H45BrNO4	478.2532	316.13	pubchem	0.0002718225408632
C22H40NO10	478.26522	316.14	stein, zhang	0.0002927246099977
C23H45BrNO4	478.2532	316.15	pubchem	0.0003136413933037
C22H40NO10	478.26522	316.16	stein, zhang	0.000334542411426
C29H52NO4	478.38963	316.27	zhang	0.0005643935049344
C29H52NO4	478.38963	316.29	zhang	0.0006062004312259
C21H39N2O8S	479.24271	317.12	stein, zhang	0.0002503950451327
C21H39N2O8S	479.24271	317.14	stein, zhang	0.0002921275526548
C29H54NO4	480.40528	318.28	lipidmaps, zhang	0.0005828412210622
C29H54NO4	480.40528	318.3	lipidmaps, zhang	0.0006244727368525
C21H41N2O8S	481.25836	319.14	stein, zhang	0.0002909040374903
C21H41N2O8S	481.25836	319.15	stein, zhang	0.000311682897311
C27H48NO6	482.34816	320.23	zhang	0.0004768339947643
C27H48NO6	482.34816	320.24	zhang	0.0004975659075801
C29H56NO4	482.42093	320.3	pubchem, zhang	0.0006218635663258
C29H56NO4	482.42093	320.32	pubchem, zhang	0.0006633211374141
C29H58NO4	484.43658	322.31	lipidmaps, pubchem, zhang	0.0006399186452848
C29H58NO4	484.43658	322.33	lipidmaps, pubchem, zhang	0.0006812037191741
C23H36NO10	486.23392	324.11	stein, zhang	0.0002262285609362
C23H36NO10	486.23392	324.13	stein, zhang	0.000267361026561
C27H52NO6	486.37946	324.26	pubchem, emily	0.0005345620475009
C27H52NO6	486.37946	324.28	pubchem, emily	0.0005756822050009
C24H43N2O6S	487.28418	325.16	stein, zhang	0.0003283504914935
C24H43N2O6S	487.28418	325.18	stein, zhang	0.0003693943029301
C30H50NO4	488.37398	326.25	zhang	0.0005119027840099
C30H50NO4	488.37398	326.27	zhang	0.0005528550067306
C23H40NO10	490.26522	328.14	stein, zhang	0.0002855597221438
C23H40NO10	490.26522	328.16	stein, zhang	0.0003263539681644
C22H39N2O8S	491.24271	329.12	stein, zhang	0.0002442784341776
C22H39N2O8S	491.24271	329.14	stein, zhang	0.0002849915065405
C29H50NO5	492.3689	330.25	zhang	0.0005077493724725
C29H50NO5	492.3689	330.27	zhang	0.0005483693222703
C30H54NO4	492.40528	330.28	zhang	0.0005686372818747
C30H54NO4	492.40528	330.3	zhang	0.0006092542305801
C30H56NO4	494.42093	332.3	zhang	0.0006067704293991
C30H56NO4	494.42093	332.32	zhang	0.000647221791359
C29H54NO5	496.4002	334.28	zhang	0.0005640610136739
C29H54NO5	496.4002	334.3	zhang	0.0006043510860793
C29H56NO5	498.41585	336.29	zhang	0.0005818434546173
C29H56NO5	498.41585	336.31	zhang	0.0006219705894184
C30H60NO4	498.45223	336.33	zhang	0.0006620494004008
C30H60NO4	498.45223	336.35	zhang	0.0007021736064858
C31H50NO4	500.37398	338.25	zhang	0.000499626299513
C31H50NO4	500.37398	338.27	pubchem, zhang, emily	0.000539596403474
C28H54NO6	500.39511	338.29	pubchem, emily	0.0005795420342937
C29H58NO5	500.4315	338.31	zhang	0.0006194654013586
C29H58NO5	500.4315	338.33	zhang	0.0006594309111236
C31H52NO4	502.38963	340.27	zhang	0.0005374314752475
C31H52NO4	502.38963	340.29	zhang	0.0005772412141548
C24H43N2O7S	503.2791	341.16	stein, zhang	0.0003179150495222
C24H43N2O7S	503.2791	341.18	stein, zhang	0.0003576544307125
C24H42NO10	504.28087	342.16	stein, zhang	0.0003172835011568
C24H42NO10	504.28087	342.18	stein, zhang	0.0003569439388014
C31H54NO4	504.40528	342.28	chebi, pubchem, zhang	0.0005551091772869
C31H54NO4	504.40528	342.3	chebi, pubchem, zhang	0.0005947598328074
C24H45N2O7S	505.29475	343.17	stein, zhang	0.0003364372972408
C24H45N2O7S	505.29475	343.19	stein, zhang	0.0003760181557397
C31H56NO4	506.42093	344.3	zhang	0.0005923925774553
C31H56NO4	506.42093	344.32	zhang	0.0006318854159522
C22H39N2O9S	507.23763	345.11	stein, zhang	0.0002168608823442
C22H39N2O9S	507.23763	345.13	stein, zhang	0.0002562901336795
C31H58NO4	508.43658	346.31	zhang	0.0006097122280226
C31H58NO4	508.43658	346.33	zhang	0.0006490485007982
C31H60NO4	510.45223	348.33	zhang	0.0006464855682969
C31H60NO4	510.45223	348.35	zhang	0.0006856665118301
C26H43N2O6S	511.28418	349.16	stein, zhang	0.000312937513537
C26H43N2O6S	511.28418	349.18	stein, zhang	0.0003520547027291
C31H62NO4	512.46788	350.34	chebi, pubchem, zhang	0.0006634562150509
C31H62NO4	512.46788	350.37	chebi, pubchem, zhang	0.0007219964693201
C26H45N2O6S	513.29983	351.18	stein, zhang	0.0003506722377056
C26H45N2O6S	513.29983	351.2	stein, zhang	0.0003896358196728
C32H52NO4	514.38963	352.27	zhang	0.0005248939408051
C32H52NO4	514.38963	352.29	pubchem, zhang	0.0005637749734574
C29H56NO6	514.41076	352.31	pubchem	0.0006026312513369
C32H54NO4	516.40528	354.28	zhang	0.0005422097930524
C32H54NO4	516.40528	354.3	zhang	0.0005809390639848
C25H44NO10	518.29652	356.17	stein, zhang	0.0003279975717375
C25H44NO10	518.29652	356.19	stein, zhang	0.0003665855213536
C31H54NO5	520.4002	358.28	zhang	0.0005380474488671
C31H54NO5	520.4002	358.3	zhang	0.0005764794095006
C31H60NO5	526.44715	364.32	pubchem, zhang	0.0006078482901844
C31H60NO5	526.44715	364.34	pubchem, zhang	0.0006458388083209
C32H64NO4	526.48353	364.36	zhang	0.0006837820738666
C32H64NO4	526.48353	364.38	zhang	0.0007217699668591
C33H54NO4	528.40528	366.28	zhang	0.000529896294753
C33H54NO4	528.40528	366.3	zhang	0.0005677460300926
C26H45N2O7S	529.29475	367.17	stein, zhang	0.0003211821012772
C26H45N2O7S	529.29475	367.19	stein, zhang	0.0003589682308392
C26H46NO10	532.31217	370.19	stein, zhang	0.0003569334137147
C26H46NO10	532.31217	370.21	stein, zhang	0.0003945053520004
C33H58NO4	532.43658	370.31	zhang	0.000582228967063
C33H58NO4	532.43658	370.33	zhang	0.0006197921262284
C33H62NO4	536.46788	374.34	zhang	0.000633775129277
C33H62NO4	536.46788	374.37	zhang	0.0006896964642132
C33H64NO4	538.48353	376.36	zhang	0.0006685441242743
C33H64NO4	538.48353	376.38	zhang	0.0007056854645117
C33H66NO4	540.49918	378.38	chebi, lipidmaps, pubchem, zhang	0.0007030537955672
C33H66NO4	540.49918	378.4	chebi, lipidmaps, pubchem, zhang	0.0007400566269128
C28H45N2O7S	553.29475	391.17	stein, zhang	0.0003072503398957
C28H45N2O7S	553.29475	391.19	stein, zhang	0.0003433974387069
C25H49INO4	554.27063	392.15	pubchem	0.0002706259214924
C25H49INO4	554.27063	392.17	pubchem	0.0003067093776915
C28H47N2O7S	555.3104	393.19	stein, zhang	0.0003421509843863
C28H47N2O7S	555.3104	393.21	stein, zhang	0.0003781668774796
C28H49N2O7S	557.32605	395.2	stein, zhang	0.0003588563642413
C28H49N2O7S	557.32605	395.22	stein, zhang	0.0003947420006655
C27H46NO11	560.30709	398.18	stein, zhang	0.0003212524046411
C27H46NO11	560.30709	398.21	stein, zhang	0.0003747944720813
C27H48NO11	562.32274	400.2	stein, zhang	0.0003556676367027
C27H48NO11	562.32274	400.22	stein, zhang	0.000391234400373
C31H56NO11	618.38534	456.26	stein, zhang	0.0004204498120864
C31H56NO11	618.38534	456.28	stein, zhang	0.0004527921053237
C39H76NO5	638.57235	476.45	pubchem	0.0007046969697325
C39H76NO5	638.57235	476.47	pubchem	0.000736016835054
C31H56NO13	650.37517	488.25	stein, zhang	0.0003843935185902
C31H56NO13	650.37517	488.28	stein, zhang	0.0004305207408209
DC8:0 acylcarnitine	318.191114	156.08	emily	0.00025142122604973974
C21:0-21OH acylcarnitine	486.4153003	324.31	emily	0.00063731547878697
C21:0-21OH acylcarnitine	486.4153003	324.29	emily	0.0005961983511233322
